stamp,pwm,velocity,steering_angle,distance,has_target,target_center_offset,control
1734795494.3071725,660000,0.0,566243,0.2201656699180603,True,-1,660000.0
1734795494.3636863,660000,0.0,572232,0.26291489601135254,True,0,660000.0
1734795494.4301808,715000,0.0,569984,0.2621380090713501,True,0,715000.0
1734795494.5009232,585000,0.0,572226,0.24625271558761597,True,0,585000.0
1734795494.8142166,660000,0.4842577874660492,568474,0.2582944631576538,True,-1,660000.0
1734795495.0526116,660000,0.0,568468,0.12496500462293625,True,-1,660000.0
1734795495.3669703,660000,0.0,568459,0.2573540210723877,True,-1,660000.0
1734795495.6810112,660000,0.0,568450,0.2589486837387085,True,-1,660000.0
1734795496.0569813,585000,0.0,579660,0.25778335332870483,True,2,585000.0
1734795496.2090628,660000,0.0,575932,0.23762518167495728,True,1,660000.0
1734795496.3552215,660000,0.0,563957,0.270663321018219,True,-1,660000.0
1734795496.606416,715000,0.0,566940,0.27058154344558716,True,-2,715000.0
1734795497.230061,585000,1.8063929080963135,594023,0.10968416929244995,True,13,585000.0
1734795498.5529902,660000,0.0,560000,0.1782955527305603,False,-2,660000.0
1734795498.6805727,660000,0.0,547915,0.25334692001342773,True,-10,660000.0
1734795498.8627508,715000,0.0,509620,0.44738465547561646,True,-28,715000.0
1734795499.0291193,717124,0.0,527434,0.519389808177948,True,-28,717124.375
1734795499.20986,718118,0.0,516035,0.5790261030197144,True,-34,718118.5
1734795499.5192719,719063,5.062495708465576,519474,0.45666640996932983,True,-33,719063.4375
1734795499.7087288,585000,2.8150556087493896,534292,0.31300365924835205,True,-26,585000.0
1734795499.883242,660000,2.6774187088012695,540933,0.1840813159942627,True,-20,660000.0
1734795500.2009127,660000,0.0,542281,0.11542904376983643,True,-15,660000.0
1734795500.252429,660000,0.0,540751,0.11745303869247437,True,-17,660000.0
1734795500.3108244,660000,0.0,544470,0.08083713054656982,True,-16,660000.0
1734795500.3711832,660000,0.0,546682,0.1220734715461731,True,-16,660000.0
1734795500.4384007,715000,0.0,546648,0.1219712495803833,True,-16,715000.0
1734795500.509231,585000,0.0,538384,0.12920856475830078,True,-17,585000.0
1734795500.5787969,660000,0.0,539091,0.1343401074409485,True,-18,660000.0
1734795500.648767,660000,0.0,536052,0.15410983562469482,True,-20,660000.0
1734795500.7184749,715000,0.0,535253,0.18992841243743896,True,-22,715000.0
1734795500.788653,585000,0.0,524714,0.17911332845687866,True,-26,585000.0
1734795500.8610127,715000,0.0,526120,0.19724750518798828,True,-28,715000.0
1734795500.9299858,715000,0.13531990349292755,520815,0.21421635150909424,True,-30,715000.0
1734795500.9988718,585000,1.2671141624450684,523001,0.22417277097702026,True,-30,585000.0
1734795501.0686018,715000,0.0,527462,0.23441541194915771,True,-30,715000.0
1734795501.138067,715000,1.223419189453125,522878,0.20681548118591309,True,-30,715000.0
1734795501.2085302,585000,0.0,525060,0.2226598858833313,True,-30,585000.0
1734795501.2796743,660000,0.0,528004,0.2167310118675232,True,-28,660000.0
1734795501.350122,715000,0.0,524202,0.20947325229644775,True,-29,715000.0
1734795501.4206536,660000,0.4407016634941101,524144,0.20736747980117798,True,-29,585000.0
1734795501.4890919,660000,0.0,520340,0.20301282405853271,True,-30,660000.0
1734795501.5603335,660000,0.0,525529,0.20060038566589355,True,-28,660000.0
1734795501.6311178,660000,0.0,521696,0.2023177146911621,True,-29,660000.0
1734795501.698568,660000,0.0,525387,0.20248126983642578,True,-28,660000.0
1734795501.7685366,660000,0.0,525331,0.19841283559799194,True,-28,660000.0
1734795501.8385317,660000,0.0,527518,0.2005799412727356,True,-28,660000.0
1734795501.9090047,660000,0.0,525218,0.2069585919380188,True,-28,660000.0
1734795502.0185494,660000,0.0,525134,0.09765129536390305,True,-28,660000.0
1734795502.0888815,660000,0.0,525078,0.17424756288528442,True,-28,660000.0
1734795502.16369,660000,0.0,525021,0.20593637228012085,True,-28,660000.0
1734795502.2330112,715000,0.0,521933,0.2160767912864685,True,-30,715000.0
1734795502.2994182,715198,0.0,515889,0.24790871143341064,True,-31,715198.6875
1734795502.3696795,715000,0.0,515062,0.27467042207717896,True,-33,715000.0
1734795502.439179,585000,0.0,517981,0.2928045988082886,True,-34,585000.0
1734795502.5090408,715000,0.11450120806694031,511925,0.31050944328308105,True,-35,715000.0
1734795502.579068,715360,0.0,517849,0.22429543733596802,True,-34,715360.5
1734795502.650745,715373,0.7210444808006287,519278,0.307033896446228,True,-33,715373.0
1734795502.7200305,585000,0.0,516968,0.3018001317977905,True,-33,585000.0
1734795502.7888582,715000,1.092885136604309,524400,0.31574320793151855,True,-31,715000.0
1734795502.8601265,585000,0.0,523590,0.3187076449394226,True,-30,585000.0
1734795502.9307177,715000,1.0744788646697998,523596,0.3170720934867859,True,-28,715000.0
1734795502.9993536,585000,1.2238495349884033,530956,0.27317798137664795,True,-25,585000.0
1734795503.0705576,660000,0.0,532391,0.2977316975593567,True,-24,660000.0
1734795503.1407669,715000,0.0,531607,0.29930591583251953,True,-23,660000.0
1734795503.209106,715014,0.7467097043991089,535304,0.3072383403778076,True,-22,715014.25
1734795503.2804568,585000,0.0,533017,0.3117769956588745,True,-22,585000.0
1734795503.349456,715059,0.0,538219,0.22323232889175415,True,-20,715059.5
1734795503.4191475,715073,0.0,550962,0.3372507095336914,True,-16,715073.5625
1734795503.4899936,585000,0.0,556869,0.35687732696533203,True,-12,585000.0
1734795503.5596015,715266,0.3420167863368988,556194,0.36419641971588135,True,-8,715266.75
1734795503.631319,715315,0.0,560629,0.3646257519721985,True,-4,715315.8125
1734795503.6999042,715487,0.7664278745651245,572633,0.3712497353553772,True,0,715487.6875
1734795503.769624,715721,0.0,581637,0.22701454162597656,True,6,715721.5
1734795503.8392131,715809,1.1342277526855469,579404,0.37920260429382324,True,9,715810.0
1734795503.9089773,585000,3.3744516372680664,591431,0.3513164520263672,True,14,585000.0
1734795503.9789276,715000,2.7922236919403076,597461,0.33408182859420776,True,18,715000.0
1734795504.0489273,585000,2.3092753887176514,609477,0.3311173915863037,True,23,585000.0
1734795504.1204865,715000,0.0,613299,0.31948453187942505,True,27,715000.0
1734795504.1888876,715166,1.9445847272872925,608114,0.28652817010879517,True,28,715166.625
1734795504.295634,585000,1.4584845304489136,602208,0.3032107949256897,True,27,585000.0
1734795504.4359233,660000,0.0,606871,0.28014951944351196,True,30,660000.0
1734795504.6744683,660000,0.0,623582,0.30292457342147827,True,35,660000.0
1734795504.8071342,715000,0.0,620726,0.3313218355178833,True,36,715000.0
1734795504.8800426,715322,0.0,603595,0.34430402517318726,True,32,715322.5625
1734795505.1151824,715507,1.0562200546264648,630818,0.3677537441253662,True,41,715507.1875
1734795505.4229298,715825,1.7486902475357056,634227,0.34142136573791504,True,46,715825.8125
1734795505.817131,585000,2.7812623977661133,653603,0.27013176679611206,True,57,585000.0
1734795506.4393697,660000,0.0,644830,0.2923957109451294,True,49,660000.0
1734795506.6161418,715000,0.0,640600,0.3434862494468689,True,46,715000.0
1734795506.949561,715564,0.9775500297546387,623029,0.34277069568634033,True,37,715564.6875
1734795507.284399,585000,1.802309274673462,596333,0.3644213080406189,True,22,585000.0
1734795507.6455657,715000,0.0,576234,0.39972877502441406,True,7,715000.0
1734795507.8302789,715165,0.0,571024,0.43618112802505493,True,5,715165.3125
1734795508.011004,716059,0.0,570258,0.4939160943031311,True,0,716059.3125
1734795508.187321,716878,0.0,573272,0.508901834487915,True,2,716878.5625
1734795508.446701,717289,3.224902868270874,570273,0.4939160943031311,True,0,717289.0625
1734795508.64337,585000,2.607989549636841,560494,0.4350566864013672,True,-8,585000.0
1734795508.8285,660000,1.9779213666915894,549981,0.3989109992980957,True,-12,660000.0
1734795508.8959942,660000,1.424501895904541,559679,0.3875030279159546,True,-10,660000.0
1734795508.9616716,660000,0.0,578378,0.39151012897491455,True,-5,660000.0
1734795509.0312521,715000,0.0,562667,0.3860923647880554,True,-5,715000.0
1734795509.1030962,715132,0.0,577620,0.443132221698761,True,-4,715132.125
1734795509.1720905,715988,0.4405476450920105,574590,0.42287182807922363,True,-6,715988.25
1734795509.2438397,585000,0.0,541642,0.4600192904472351,True,-4,585000.0
1734795509.3116784,715000,0.0,545381,0.350416898727417,True,-9,715000.0
1734795509.3818376,585000,0.6452592611312866,552848,0.48994988203048706,True,-7,585000.0
1734795509.4552412,716592,0.0,564821,0.29654592275619507,True,-5,716592.0625
1734795509.5220687,585000,0.7345951795578003,566310,0.5102511644363403,True,-4,585000.0
1734795509.5912151,715000,0.0,569306,0.35033512115478516,True,-2,715000.0
1734795509.6625156,715216,1.6304986476898193,570803,0.527853786945343,True,-1,715216.5625
1734795509.731495,715000,0.0,573804,0.5381986498832703,True,1,715000.0
1734795509.8034973,715389,0.9157245755195618,573064,0.5378919839859009,True,2,715389.625
1734795509.8715386,716014,0.0,602072,0.5217818021774292,True,11,716014.5625
1734795509.9431598,716124,1.1123709678649902,555223,0.44325488805770874,True,2,716124.125
1734795510.0140395,716452,1.4268964529037476,582853,0.48048412799835205,True,7,716452.0625
1734795510.0825186,715000,1.5906291007995605,579122,0.4439704418182373,True,6,715000.0
1734795510.15128,585000,1.3605238199234009,579134,0.5407133102416992,True,6,585000.0
1734795510.2213762,715304,0.0,584395,0.5688039064407349,True,8,715000.0
1734795510.2934444,715911,1.2281712293624878,582165,0.5516510605812073,True,8,715911.5625
1734795510.3627272,716130,2.6609840393066406,582181,0.4722859263420105,True,8,716130.125
1734795510.432774,716367,1.8855481147766113,585201,0.5570483803749084,True,10,716367.9375
1734795510.5025837,715000,1.656714916229248,585221,0.5245417952537537,True,10,715000.0
1734795510.5730546,585000,0.0,585241,0.48222190141677856,True,10,585000.0
1734795510.6428268,660000,1.455795168876648,597975,0.4887232184410095,True,11,660000.0
1734795510.7158577,715210,0.0,592767,0.47982990741729736,True,12,715210.0625
1734795510.7845244,715335,0.8770593404769897,588310,0.5402022004127502,True,12,715335.9375
1734795510.853267,716566,1.1567938327789307,577095,0.49947696924209595,True,9,716566.5
1734795510.9218526,585000,2.7422537803649902,595022,0.5486252903938293,True,12,585000.0
1734795510.991471,715000,0.0,581625,0.3334276080131531,True,9,715000.0
1734795511.0632021,585000,1.2256438732147217,583889,0.4731445908546448,True,9,585000.0
1734795511.1331165,715000,1.1129000186920166,585409,0.5880420804023743,True,10,715000.0
1734795511.2033937,716647,3.104762554168701,581686,0.5913745164871216,True,9,716647.9375
1734795511.273493,717038,1.9084521532058716,580199,0.5989593863487244,True,8,717038.0625
1734795511.3460286,717773,1.5717473030090332,593695,0.5083702802658081,True,8,717773.5
1734795511.4133925,585000,1.8561590909957886,582472,0.47085481882095337,True,8,585000.0
1734795511.4818392,660000,1.698108196258545,580994,0.5191035866737366,True,7,660000.0
1734795511.551703,715000,0.0,592316,0.4662957191467285,True,10,715000.0
1734795511.6230886,585000,1.2226383686065674,585531,0.547275960445404,True,10,585000.0
1734795511.6922681,715000,1.393614649772644,580303,0.5810500979423523,True,8,715000.0
1734795511.7623608,715613,0.0,592350,0.5042609572410583,True,10,715613.125
1734795511.8333538,585000,1.5207645893096924,560120,0.429168701171875,True,2,585000.0
1734795511.9017212,660000,2.4764418601989746,582592,0.44439977407455444,True,8,660000.0
1734795511.9715786,715110,0.0,565407,0.5186129212379456,True,4,715110.8125
1734795512.0434358,716109,0.9148780703544617,582621,0.5183471441268921,True,8,716109.625
1734795512.1127748,716518,2.9116315841674805,597663,0.5366857647895813,True,12,716518.125
1734795512.1851342,717083,1.922979474067688,599902,0.5659008026123047,True,12,717083.3125
1734795512.2531254,717688,1.4261772632598877,611179,0.5516715049743652,True,18,717688.3125
1734795512.3232405,718253,1.7520264387130737,588726,0.5269951224327087,True,12,718253.75
1734795512.3934216,718281,1.9784258604049683,598540,0.5344982147216797,True,11,718281.625
1734795512.4622548,718878,2.4030027389526367,582016,0.5095356106758118,True,9,718878.5625
1734795512.5323632,585000,2.686836004257202,584280,0.48273301124572754,True,9,585000.0
1734795512.602344,660000,2.0391879081726074,588804,0.46083706617355347,True,12,660000.0
1734795512.6728554,715004,1.753013014793396,588828,0.4362015724182129,True,12,715004.8125
1734795512.742811,585000,3.0195889472961426,583620,0.44977664947509766,True,10,585000.0
1734795512.813234,715000,1.9137204885482788,584367,0.4719997048377991,True,9,715000.0
1734795513.0017676,715096,1.7009044885635376,584420,0.4529455304145813,True,9,715096.8125
1734795513.1292179,715382,3.396419048309326,585959,0.22620564699172974,True,10,715382.0625
1734795513.2837455,585000,2.215250253677368,583751,0.41878294944763184,True,10,585000.0
1734795513.4226642,715000,1.913102388381958,598022,0.41005319356918335,True,9,715000.0
1734795513.511109,715054,0.0,584557,0.4128131866455078,True,9,715054.75
1734795513.7173936,715330,1.7011457681655884,575585,0.44638288021087646,True,3,715330.625
1734795513.8915582,715743,2.077056884765625,575598,0.46758371591567993,True,3,715743.9375
1734795514.3060699,716131,2.7816267013549805,561342,0.4756183624267578,True,-5,716131.125
1734795514.439869,716373,2.799793243408203,562050,0.4573819637298584,True,-6,716373.5625
1734795514.6248653,585000,3.1133997440338135,547755,0.4634539484977722,True,-11,585000.0
1734795515.3772285,715000,0.4672412574291229,547432,0.7398825883865356,True,-17,715000.0
1734795516.0536697,718458,1.7486021518707275,544038,0.9628491401672363,True,-19,718459.0
1734795516.3956697,721435,2.73478627204895,552863,0.8589098453521729,True,-13,721435.0625
1734795516.721152,585000,3.609924793243408,564041,0.717761754989624,True,-4,585000.0
1734795516.904809,660000,2.7806484699249268,573044,0.7657651901245117,True,2,660000.0
1734795517.0628088,715000,1.5742907524108887,579068,0.7440941333770752,True,6,715000.0
1734795517.2441502,715395,0.0,582106,0.6926151514053345,True,8,715395.8125
1734795517.4188514,715460,1.4075143337249756,582147,0.7890922427177429,True,8,715460.625
1734795517.466783,716950,1.674108624458313,582162,0.6288490891456604,True,8,716950.25
1734795517.5290391,717536,1.9256856441497803,585929,0.4429891109466553,True,9,717536.625
1734795517.5987952,585000,1.8825335502624512,570205,0.5668003559112549,True,6,585000.0
1734795517.6687207,715000,2.105451822280884,585215,0.40696609020233154,True,10,715000.0
1734795517.7667575,715308,1.470592975616455,586728,0.7184159755706787,True,8,715308.0625
1734795517.837009,715000,2.8902359008789062,586753,0.4003012180328369,True,8,715000.0
1734795517.9070745,715425,0.0,578517,0.8323525786399841,True,7,715425.75
1734795517.980133,585000,1.9976235628128052,584529,0.6587387919425964,True,8,585000.0
1734795518.0493789,585000,0.0,589785,0.46124595403671265,True,10,585000.0
1734795518.1518533,585000,0.0,590589,0.6506837010383606,True,12,585000.0
1734795518.2216403,715000,1.425033450126648,592102,0.5559648275375366,True,13,715000.0
1734795518.292432,717334,0.0,602609,0.5709301233291626,True,15,717334.5625
1734795518.3639333,715000,0.8065975308418274,594426,0.9077719449996948,True,16,585000.0
1734795518.432039,715290,2.3430707454681396,594458,0.7974335551261902,True,16,715290.1875
1734795518.5017805,719414,1.1994354724884033,594490,0.4563392996788025,True,16,719414.6875
1734795518.5715077,585000,0.0,560000,0.699811577796936,False,16,585000.0
1734795518.6420984,660000,1.0206044912338257,594554,0.5369515419006348,True,16,660000.0
1734795518.7115045,585000,0.0,587093,0.5406724214553833,True,14,585000.0
1734795518.7815778,715000,0.0,591612,0.5065507292747498,True,14,715000.0
1734795518.85147,715340,0.612421989440918,591641,0.6910818219184875,True,14,715340.25
1734795518.9217205,715000,0.0,591669,1.022935152053833,True,14,715000.0
1734795518.991541,715525,0.0,591697,0.6149877905845642,True,14,715525.125
1734795519.0630338,719749,0.47110429406166077,584248,0.5011329650878906,True,15,719749.6875
1734795519.13168,585000,0.0,597016,0.2697228789329529,True,16,585000.0
1734795519.3316815,660000,1.0905605554580688,596366,0.6477397084236145,True,17,660000.0
1734795519.3979015,660000,0.0,586663,0.554288387298584,True,18,660000.0
1734795519.4674978,715000,0.0,597935,0.6068100333213806,True,18,715000.0
1734795519.5371735,715000,0.5468572378158569,605472,0.5655736923217773,True,20,715000.0
1734795519.6073606,715351,0.0,601013,0.633551299571991,True,20,715351.8125
1734795519.7598774,715419,0.0,608584,0.6671005487442017,True,19,715419.5625
1734795519.8315814,715839,0.41100013256073,615366,0.4717748165130615,True,22,715839.125
1734795519.9062111,585000,0.0,581679,0.3331209421157837,True,16,585000.0
1734795519.9696176,715000,0.7658722996711731,604214,0.7085208892822266,True,22,715000.0
1734795520.1008313,715555,0.0,596784,0.45640063285827637,True,20,715556.0
1734795520.201029,716069,0.7789562940597534,592339,0.9937201738357544,True,14,716069.4375
1734795520.471124,723891,0.8876249194145203,595466,0.4500424265861511,True,16,723891.0
1734795520.5416434,585000,1.5224864482879639,612013,0.4086834192276001,True,18,585000.0
1734795520.611207,715000,1.984343409538269,591037,0.3588399887084961,True,16,715000.0
1734795520.703215,585000,1.6993383169174194,574575,0.7326657176017761,True,8,585000.0
1734795520.772952,660000,1.5359807014465332,585078,0.48287612199783325,True,12,660000.0
1734795520.8430011,585000,0.0,580604,0.7800149321556091,True,6,585000.0
1734795520.912636,715000,1.0386162996292114,589628,0.7474879026412964,True,12,715000.0
1734795520.9840946,718509,0.0,570943,0.5265453457832336,True,7,718509.875
1734795521.0529923,585000,0.7753883600234985,583664,0.8831160068511963,True,8,585000.0
1734795521.1228316,715000,0.0,585782,0.5137880444526672,True,11,715000.0
1734795521.1933982,719341,1.9425134658813477,568714,0.5767772197723389,True,4,719341.1875
1734795521.2636375,585000,0.0,600184,0.7385332584381104,True,10,585000.0
1734795521.3437212,715000,1.110612154006958,569485,0.602148711681366,True,3,715000.0
1734795521.4026105,717169,1.0770882368087769,591935,0.8290405869483948,True,6,717169.3125
1734795521.5447688,585000,1.2497248649597168,580756,1.0072134733200073,True,6,585000.0
1734795521.6816452,715000,1.4899885654449463,568034,0.9712313413619995,True,2,715000.0
1734795521.9148111,715459,0.0,558305,0.5715025663375854,True,0,715459.3125
1734795522.0903735,585000,1.49531888961792,580824,1.0346907377243042,True,6,585000.0
1734795522.2363286,715000,0.0,586812,0.9092848300933838,True,4,715000.0
1734795522.4963017,585000,0.765342116355896,586846,0.8036895394325256,True,4,585000.0
1734795522.8893833,660000,0.0,568852,0.8262192606925964,True,-2,660000.0
1734795523.3663146,715000,0.0,568832,0.4487135410308838,True,-2,715000.0
1734795523.8187013,585000,2.288846492767334,577860,0.710299551486969,True,4,585000.0
1734795524.1650782,715000,0.0,597339,0.7581189870834351,True,8,715000.0
1734795524.4840577,716182,0.24807028472423553,559919,0.7354052662849426,True,-2,716182.1875
1734795525.0273798,716487,2.2691431045532227,584683,0.5075525045394897,True,4,716488.0
1734795525.214393,585000,2.665264368057251,559966,0.34506046772003174,True,-2,585000.0
1734795525.522475,660000,0.0,583227,0.20100927352905273,True,6,660000.0
1734795525.8485994,660000,0.0,578039,0.19387418031692505,True,4,660000.0
1734795526.0468655,660000,0.40834754705429077,575829,0.20618170499801636,True,5,660000.0
1734795526.1060781,660000,0.0,581825,0.190909743309021,True,5,660000.0
1734795526.2880557,660000,0.36588963866233826,581850,0.1861257553100586,True,5,660000.0
1734795526.6066058,660000,0.0,581897,0.18847686052322388,True,5,660000.0
1734795526.923498,660000,0.5241589546203613,578195,0.19093018770217896,True,4,660000.0
1734795527.1180475,660000,0.0,579721,0.19093018770217896,True,5,660000.0
1734795527.1872144,660000,0.0,583478,0.1326841115951538,True,6,660000.0
1734795527.2580097,660000,0.0,577498,0.2067132592201233,True,5,660000.0
1734795527.327385,660000,0.0,585008,0.2144412398338318,True,7,660000.0
1734795527.3980234,715000,0.0,591006,0.22717809677124023,True,8,715000.0
1734795527.4681695,715000,0.0,588761,0.2454349398612976,True,8,715000.0
1734795527.5370817,585000,0.0,584299,0.2603389024734497,True,8,585000.0
1734795527.6085892,715000,0.0,589560,0.24118250608444214,True,10,715000.0
1734795527.6811242,715103,0.0,589584,0.300573468208313,True,11,715103.375
1734795527.7485683,715000,0.0,581380,0.31917786598205566,True,9,715000.0
1734795527.8177042,715004,0.0,592652,0.3332640528678894,True,12,715004.625
1734795527.8879015,715218,0.0,582918,0.21166080236434937,True,10,715218.5625
1734795527.957391,585000,0.0,591178,0.3367600440979004,True,11,585000.0
1734795528.0279408,660000,0.0,592704,0.3457351326942444,True,12,660000.0
1734795528.0981815,715000,0.0,590481,0.3574293255805969,True,12,715000.0
1734795528.1678786,715343,0.0,589772,0.3576542139053345,True,10,715343.5
1734795528.2376783,715419,0.0,587520,0.3585946559906006,True,10,715419.1875
1734795528.3084726,715584,0.0,591277,0.31151121854782104,True,11,715584.0
1734795528.3778284,715661,0.0,591308,0.3602302074432373,True,11,715661.1875
1734795528.4497175,585000,0.09117556363344193,603277,0.3601893186569214,True,10,585000.0
1734795528.5193803,715000,1.3202353715896606,587605,0.37452083826065063,True,10,715000.0
1734795528.5881715,715241,0.0,586124,0.3697572946548462,True,9,715078.125
1734795528.6959019,715357,0.0,589157,0.38284170627593994,True,11,715358.0
1734795528.7534115,715596,0.0,595132,0.3933296799659729,True,12,715596.375
1734795528.79804,715821,0.0,583157,0.415205180644989,True,10,715821.875
1734795528.8703444,715942,0.35627564787864685,589211,0.43333935737609863,True,11,715942.5625
1734795528.9375827,716287,2.270097255706787,592916,0.452597975730896,True,12,716287.0625
1734795529.007413,716901,1.3539032936096191,589256,0.4892343282699585,True,11,716901.875
1734795529.078315,717138,0.0,581768,0.46607083082199097,True,6,717138.1875
1734795529.1512506,717790,0.8894002437591553,578788,0.43427979946136475,True,4,717791.0
1734795529.2185507,717947,0.0,571337,0.5434119701385498,True,5,717947.0625
1734795529.2870913,585000,0.0,580312,0.5033205151557922,True,5,585000.0
1734795529.3586986,585000,0.0,594575,0.5849549770355225,True,10,715000.0
1734795529.4275095,715000,0.4472911059856415,584845,0.45486730337142944,True,8,715000.0
1734795529.5223055,716148,0.0,588611,0.6112669110298157,True,9,716148.8125
1734795529.5701158,716830,0.0,586380,0.5169569253921509,True,9,716830.0625
1734795529.6372,717223,0.5944749712944031,571434,0.5040974020957947,True,5,717223.4375
1734795529.7074554,585000,0.0,586412,0.5686812400817871,True,9,585000.0
1734795529.7787092,716019,0.0,588673,0.489970326423645,True,9,716019.0625
1734795529.9105372,716359,0.0,581956,0.6243717670440674,True,6,716359.25
1734795530.1348305,717326,1.654442310333252,578974,0.5796189904212952,True,4,717326.0
1734795530.2792642,585000,2.05361008644104,559511,0.5285693407058716,True,0,585000.0
1734795530.4321213,660000,3.4946961402893066,585727,0.5001925230026245,True,4,660000.0
1734795530.610895,660000,0.785286009311676,566283,0.5000494122505188,True,0,660000.0
1734795530.749206,715000,0.0,573018,0.5264431238174438,True,0,715000.0
1734795530.8888898,715595,0.0,573018,0.5573550462722778,True,0,715595.125
1734795531.135631,716230,0.0,584963,0.6319975256919861,True,-1,716230.4375
1734795531.6593523,717396,1.751442790031433,568411,0.6362090706825256,True,-6,717396.4375
1734795532.064512,717753,2.553358316421509,557799,0.6517263650894165,True,-10,717753.9375
1734795532.9343238,718291,3.7113454341888428,590703,0.32312363386154175,True,9,718291.125
1734795533.2852275,585000,3.993518114089966,621679,0.24729537963867188,True,31,585000.0
1734795533.4615276,660000,6.239422798156738,599337,0.22805720567703247,True,19,660000.0
1734795533.8176746,660000,0.0,558153,0.3793661594390869,True,-7,660000.0
1734795533.9977558,715000,0.0,554310,0.497452974319458,True,-14,715000.0
1734795534.2529526,716432,0.0,551197,0.4974120855331421,True,-16,716432.3125
1734795534.4272134,716683,0.0,545861,0.6776907444000244,True,-20,716683.3125
1734795534.6969745,718962,1.749119758605957,538937,0.5724838972091675,True,-21,718962.9375
1734795534.9179122,585000,2.2681686878204346,542555,0.7170257568359375,True,-20,585000.0
1734795534.9660213,715000,2.4612956047058105,544757,0.4056985378265381,True,-20,715000.0
1734795535.0312762,585000,2.1125409603118896,542474,0.5272404551506042,True,-20,585000.0
1734795535.097409,715000,2.0458247661590576,532698,0.5061213970184326,True,-22,715000.0
1734795535.1681693,716530,1.851830244064331,543132,0.5793736577033997,True,-21,716530.375
1734795535.237211,716790,1.8557462692260742,539346,0.63105708360672,True,-22,716790.8125
1734795535.306922,718786,2.045382499694824,549058,0.5367879867553711,True,-17,718787.0
1734795535.3770926,719181,2.1128227710723877,540786,0.40804964303970337,True,-18,719181.0
1734795535.446893,585000,2.4150309562683105,548245,0.5564759373664856,True,-16,585000.0
1734795535.5167367,715000,1.9767879247665405,551962,0.4833054542541504,True,-15,715000.0
1734795535.5868394,715336,3.309291124343872,558685,0.6910000443458557,True,-12,715336.25
1734795535.6573102,585000,1.6454488039016724,564652,0.81746906042099,True,-8,585000.0
1734795535.7286026,716997,3.8234734535217285,560898,0.6478623747825623,True,-8,716997.625
1734795535.7972062,717502,2.318301200866699,558632,0.5245622396469116,True,-6,717502.125
1734795535.867658,585000,1.6327472925186157,574447,0.4968600869178772,True,-3,585000.0
1734795535.9376686,715000,1.7111228704452515,569119,0.4472006559371948,True,-2,715000.0
1734795536.0070434,715235,1.177972674369812,575102,0.7752718329429626,True,-1,715235.125
1734795536.078075,585000,0.0,563877,0.7401074767112732,True,-1,585000.0
1734795536.1474683,715269,1.115843415260315,569871,0.6485370397567749,True,0,715269.3125
1734795536.2169476,715755,0.0,577367,0.5716252326965332,True,2,715755.125
1734795536.287594,585000,0.9408868551254272,576626,0.5110280513763428,True,3,585000.0
1734795536.3571815,660000,1.1117666959762573,579636,0.4459739923477173,True,5,660000.0
1734795536.4279537,660000,0.0,580381,0.7932628989219666,True,4,660000.0
1734795536.4999347,715000,0.0,581158,0.5447817444801331,True,6,715000.0
1734795536.566948,719095,0.0,588669,0.7922202348709106,True,8,719095.0625
1734795536.636862,715000,0.0,579682,0.5575390458106995,True,5,715000.0
1734795536.7067664,715620,0.0,575949,0.9036217331886292,True,4,715620.9375
1734795536.7775552,715000,0.0,593212,0.7093386650085449,True,8,715000.0
1734795536.8466265,715760,0.0,573741,0.5836465358734131,True,4,715760.375
1734795536.9168475,585000,0.6448513865470886,578984,0.6232882142066956,True,6,585000.0
1734795536.9870093,715000,0.0,584243,0.7723687291145325,True,8,715000.0
1734795537.0589364,717533,0.0,593234,0.4754139184951782,True,8,717533.1875
1734795537.128118,718129,0.5888307690620422,582769,1.0009574890136719,True,7,718129.6875
1734795537.2028642,585000,2.6653599739074707,591836,0.5874491930007935,True,7,715000.0
1734795537.2680502,585000,0.0,599271,0.5781265497207642,True,9,585000.0
1734795537.3370001,715000,1.1325976848602295,572294,0.35716354846954346,True,6,715000.0
1734795537.4073708,715189,0.0,581326,0.6276428699493408,True,6,715189.875
1734795537.4775774,715000,0.7970885038375854,573841,0.5329648852348328,True,4,715000.0
1734795537.5472598,715366,0.0,581348,0.4757205843925476,True,6,715366.0625
1734795537.6170044,585000,0.850993275642395,581360,0.8989195227622986,True,6,585000.0
1734795537.6884046,715000,0.0,581372,0.7321341633796692,True,6,715000.0
1734795537.7571435,715802,0.7292632460594177,574689,0.9223896861076355,True,6,715802.375
1734795537.8272388,585000,0.0,588886,0.45736151933670044,True,8,585000.0
1734795537.9010258,585000,0.0,588910,0.8461116552352905,True,8,715000.0
1734795537.9686983,715000,0.5519179105758667,569453,0.4419260025024414,True,4,715000.0
1734795538.0371313,715654,2.909853458404541,580717,0.5357657670974731,True,7,715654.8125
1734795538.1067953,715000,0.0,580725,0.6743174195289612,True,7,715000.0
1734795538.1774342,715463,0.0,579232,0.692349374294281,True,6,715463.125
1734795538.247401,717323,0.7231504321098328,579242,0.7065173387527466,True,6,717323.3125
1734795538.3174312,718000,0.0,580761,0.6085069179534912,True,7,718000.9375
1734795538.3882792,718612,0.8751063346862793,581518,0.6925947070121765,True,6,718612.4375
1734795538.5394564,718956,1.5707775354385376,583786,0.5843007564544678,True,6,718956.3125
1734795538.772456,585000,2.3132107257843018,555335,0.402754545211792,True,-4,585000.0
1734795539.1109962,660000,1.3423097133636475,591337,0.3501102328300476,True,8,660000.0
1734795539.243151,715000,0.9262028336524963,587632,0.42890292406082153,True,10,715000.0
1734795539.3742535,715972,0.0,594423,0.5475212931632996,True,13,715972.6875
1734795539.7028935,717526,1.1340597867965698,593789,0.6773636341094971,True,14,717526.75
1734795540.0077069,719233,1.9103586673736572,589419,0.5984891653060913,True,11,719233.0
1734795540.6742065,585000,3.2676351070404053,579887,0.4288824796676636,True,6,585000.0
1734795541.5296123,660000,0.0,567133,0.6897529363632202,True,-4,660000.0
1734795541.9604614,715000,0.0,574632,0.9122288227081299,True,1,715000.0
1734795542.0307882,717845,0.0,574634,0.8730369210243225,True,1,717845.625
1734795542.1907322,718752,0.0,573135,0.9803699851036072,True,0,718752.875
1734795542.3668776,720292,2.26949143409729,567885,0.6993618011474609,True,-2,720292.0625
1734795542.6848643,585000,2.2701027393341064,566355,0.7917500138282776,True,-3,585000.0
1734795542.8622243,715000,1.5196659564971924,556572,0.696336030960083,True,-8,715000.0
1734795543.0497217,585000,0.0,564031,0.6263548731803894,True,-6,585000.0
1734795543.24176,660000,0.0,558757,0.6782018542289734,True,-8,660000.0
1734795543.2910595,715000,1.425726056098938,560981,0.39778655767440796,True,-8,715000.0
1734795543.425944,585000,0.0,551186,0.5963016152381897,True,-13,585000.0
1734795543.4960775,715000,0.5730167627334595,536916,0.6232268810272217,True,-18,715000.0
1734795543.566488,718008,0.0,540631,0.24116206169128418,True,-20,718008.1875
1734795543.637347,718451,0.0,537573,0.4870876669883728,True,-22,718451.6875
1734795543.7062595,585000,0.7572940587997437,551752,0.3776283860206604,True,-20,585000.0
1734795543.783062,585000,0.0,520201,0.5920082926750183,True,-32,585000.0
1734795543.8480248,715000,0.0,519377,0.5392208695411682,True,-34,715000.0
1734795543.9167895,717516,0.6245705485343933,516308,0.5666776895523071,True,-36,717516.5
1734795543.9863276,715000,1.6134860515594482,514734,0.569233238697052,True,-37,715000.0
1734795544.056075,715274,0.0,515403,0.4856974482536316,True,-38,715275.0
1734795544.1261086,715734,1.3036460876464844,510077,0.516425371170044,True,-40,715734.5
1734795544.1970031,585000,1.0212647914886475,512243,0.6262730956077576,True,-40,585000.0
1734795544.2664165,716522,0.0,512163,0.2874686121940613,True,-40,716522.8125
1734795544.3363714,716995,0.9004438519477844,512083,0.7165146470069885,True,-40,716995.25
1734795544.4058545,585000,0.0,519496,0.5038929581642151,True,-38,585000.0
1734795544.4765768,585000,1.2238421440124512,518676,0.4726334810256958,True,-37,585000.0
1734795544.5479586,715000,0.0,517821,0.5340484380722046,True,-36,715000.0
1734795544.6164768,585000,0.8733651638031006,522983,0.5828492045402527,True,-34,585000.0
1734795544.68615,715795,0.0,519181,0.5073276162147522,True,-35,715795.0625
1734795544.7566817,716205,0.0,516024,0.5976100564002991,True,-34,716205.1875
1734795544.826068,585000,0.6467298865318298,518315,0.5000289678573608,True,-34,585000.0
1734795544.8963013,715000,0.0,523484,0.7194586396217346,True,-32,715000.0
1734795544.96624,715000,0.8163720369338989,527168,1.0168836116790771,True,-31,715000.0
1734795545.0366433,715481,0.0,533856,0.6262526512145996,True,-28,715481.5625
1734795545.106107,719354,0.8272820711135864,528561,0.73272705078125,True,-27,719354.5
1734795545.1763954,585000,0.0,535262,0.7449119091033936,True,-24,585000.0
1734795545.2494845,715732,1.790985345840454,538192,0.7312959432601929,True,-22,715732.375
1734795545.3173385,716185,1.4612687826156616,545658,0.4111163020133972,True,-20,716185.0625
1734795545.3862014,716584,1.3925994634628296,541110,0.5279355645179749,True,-20,716584.0625
1734795545.4561331,715000,0.0,544074,0.5179995894432068,True,-18,585000.0
1734795545.5261033,715370,1.5695759057998657,556799,0.5872651934623718,True,-14,715370.875
1734795545.5963874,715454,1.200811505317688,552265,0.5768589973449707,True,-14,715454.5
1734795545.6686301,716766,1.4587868452072144,553728,0.5155667066574097,True,-13,716766.75
1734795545.7367136,717097,1.6547672748565674,567955,0.3864399194717407,True,-8,717097.0
1734795545.806443,585000,3.850194215774536,573206,0.6150491237640381,True,-6,585000.0
1734795545.8762732,660000,1.7161662578582764,563440,0.6279495358467102,True,-5,660000.0
1734795545.9506419,715654,0.0,567189,0.4536815285682678,True,-4,715654.3125
1734795546.0171072,716168,1.2812731266021729,564923,0.6639725565910339,True,-3,716168.4375
1734795546.087293,585000,1.3020225763320923,566414,0.5735265612602234,True,-3,585000.0
1734795546.156632,715000,1.2987545728683472,578403,0.5390368700027466,True,2,715000.0
1734795546.2261758,660000,0.0,577662,0.5937051773071289,True,3,660000.0
1734795546.2964933,715000,1.0565776824951172,575427,0.5748758912086487,True,3,715000.0
1734795546.3662522,715922,3.5662574768066406,571686,0.5175293684005737,True,2,715922.75
1734795546.5249534,715000,0.0,555928,0.4019163250923157,True,-7,715000.0
1734795546.5950184,585000,0.9444687366485596,548419,0.6050518155097961,True,-12,585000.0
1734795546.6712167,715000,4.38101053237915,528134,0.6379672884941101,True,-21,715000.0
1734795546.7526069,717570,0.0,502560,0.5544723868370056,True,-35,717570.6875
1734795546.8349981,718245,0.0,511451,0.48532944917678833,True,-35,718245.6875
1734795547.0042496,585000,1.4601229429244995,516477,0.6193424463272095,True,-42,585000.0
1734795547.1391242,715000,1.5114244222640991,508064,0.7529874444007874,True,-43,715000.0
1734795547.2909932,716898,1.5245397090911865,496590,0.7651723027229309,True,-49,716898.5625
1734795547.428473,717599,1.0381183624267578,485940,0.6199762225151062,True,-50,717599.8125
1734795547.6006782,585000,1.5730279684066772,478157,0.7906460165977478,True,-52,585000.0
1734795547.7409942,715000,2.446643114089966,498984,0.9077719449996948,True,-44,715000.0
1734795547.9646628,716874,1.6752880811691284,539964,1.0076223611831665,True,-27,716874.875
1734795548.1596534,718798,1.4960459470748901,552584,0.6669778823852539,True,-14,718798.5625
1734795548.4540682,585000,2.4510581493377686,582573,0.6262322068214417,True,6,585000.0
1734795548.9945865,715000,0.0,620363,0.5948500633239746,True,28,715000.0
1734795549.277234,715200,2.510774850845337,634163,0.8024628758430481,True,40,715200.4375
1734795549.7384179,717757,1.6133261919021606,683723,0.6226135492324829,True,74,717757.375
1734795550.4741728,585000,2.723588466644287,660495,0.777582049369812,True,62,585000.0
1734795550.7087026,715000,1.747700810432434,651871,0.7621669769287109,True,53,715000.0
1734795550.881605,715471,0.0,647633,0.7348941564559937,True,50,715471.875
1734795551.0656462,715849,1.7504655122756958,662950,0.7686478495597839,True,57,715849.625
1734795551.2360854,716673,1.6113219261169434,680514,0.7309074997901917,True,67,716673.375
1734795551.3677845,716841,3.0701539516448975,692796,0.7826113700866699,True,75,716841.0
1734795551.5475237,717868,2.268859624862671,700749,0.6236562132835388,True,86,717868.8125
1734795551.7444394,585000,2.5024185180664062,706096,0.778072714805603,True,89,585000.0
1734795551.8039818,715000,2.7062108516693115,693203,0.4988431930541992,True,82,715000.0
1734795551.8718526,585000,2.270589828491211,687359,0.5845665335655212,True,78,585000.0
1734795551.94598,715000,2.0423660278320312,682253,0.5163027048110962,True,73,715000.0
1734795552.0144577,716231,1.7044923305511475,648530,0.7347714900970459,True,64,716231.4375
1734795552.0826395,585000,2.9205214977264404,669785,0.4923214316368103,True,66,585000.0
1734795552.1524656,585000,2.265707492828369,658665,0.5904954075813293,True,60,585000.0
1734795552.2218592,715000,1.616957426071167,664002,0.6221842169761658,True,56,715000.0
1734795552.292471,715750,1.2235333919525146,643859,0.6206099987030029,True,50,715750.4375
1734795552.3673048,716596,0.0,628989,0.48238545656204224,True,40,716188.1875
1734795552.4359863,585000,0.0,627580,0.48193567991256714,True,39,585000.0
1734795552.5042155,715000,1.584480881690979,620132,0.5294280052185059,True,34,715000.0
1734795552.571433,715772,1.0626475811004639,606699,0.5201666951179504,True,25,715772.0
1734795552.6426926,715970,0.0,596274,0.8677418231964111,True,21,715970.0625
1734795552.712464,720439,1.1402614116668701,597031,0.40876519680023193,True,17,720439.5
1734795552.7817755,585000,1.457160472869873,591055,0.5095764994621277,True,13,585000.0
1734795552.852175,715000,1.3599767684936523,583578,0.47893035411834717,True,8,715000.0
1734795552.9239738,585000,0.0,573847,0.45979440212249756,True,3,585000.0
1734795552.9922118,715000,1.3002190589904785,571591,0.42510026693344116,True,0,715000.0
1734795553.0618188,715285,1.0938981771469116,569329,0.6386215090751648,True,-6,715285.8125
1734795553.1344187,585000,0.0,561864,0.7073555588722229,True,-8,585000.0
1734795553.2017357,715000,1.1931017637252808,558793,0.46596860885620117,True,-10,715000.0
1734795553.2796938,715580,0.0,555771,0.7082346677780151,True,-12,715580.5625
1734795553.3541546,716110,0.9729377031326294,548257,0.6705352067947388,True,-14,716110.3125
1734795553.4121752,716146,1.2761354446411133,547468,0.47046637535095215,True,-16,716146.3125
1734795553.4817088,585000,1.4577610492706299,546691,0.5781061053276062,True,-18,585000.0
1734795553.5519323,715000,0.0,540637,0.5909860730171204,True,-22,715000.0
1734795553.6224277,715338,1.2425048351287842,530813,0.564735472202301,True,-27,715338.1875
1734795553.6925542,715924,1.4964083433151245,524761,0.45456063747406006,True,-31,715924.0
1734795553.7632868,585000,1.5650919675827026,529231,0.5072458386421204,True,-36,585000.0
1734795553.8322122,715000,0.0,525340,0.6583094596862793,True,-38,715000.0
1734795553.9030144,715782,1.329145908355713,532568,0.446628212928772,True,-39,715782.0625
1734795553.9722629,717838,2.9122633934020996,515418,0.5794554352760315,True,-40,717838.4375
1734795554.062423,585000,3.232388973236084,515338,0.8510387539863586,True,-40,585000.0
1734795554.2502592,715000,1.3288192749023438,512090,0.5972420573234558,True,-42,715000.0
1734795554.3169324,585000,1.907303810119629,527102,0.5157302618026733,True,-38,585000.0
1734795554.3859136,660000,0.0,519410,0.4982503056526184,True,-40,660000.0
1734795554.484552,715000,0.0,506557,0.4132922887802124,True,-44,715000.0
1734795554.555179,715258,0.0,507209,0.598632276058197,True,-48,715258.875
1734795554.6246724,715000,0.0,482378,0.4073340892791748,True,-57,715000.0
1734795554.6943278,715384,0.0,471736,0.5435959696769714,True,-61,715384.375
1734795554.7657995,585000,0.0,470838,0.4883961081504822,True,-67,585000.0
1734795554.8358755,715000,0.0,465392,0.5516510605812073,True,-71,715000.0
1734795554.904504,585000,0.0,458497,0.5944002866744995,True,-74,585000.0
1734795554.9746711,715000,0.0,459091,0.5296937823295593,True,-75,715000.0
1734795555.0442967,585000,0.0,459683,0.6501725912094116,True,-76,585000.0
1734795555.1145813,715000,0.0,459531,0.5736492276191711,True,-76,715000.0
1734795555.1850786,716653,0.13860289752483368,459378,0.5749576687812805,True,-76,716653.8125
1734795555.2551816,585000,0.0,460728,0.5554741621017456,True,-75,585000.0
1734795555.3246853,715143,0.8277930617332458,462080,0.503463625907898,True,-74,715143.5625
1734795555.4479566,715422,0.0,465529,1.0892363786697388,True,-73,715422.625
1734795555.6815205,721804,0.0,470292,0.9929637312889099,True,-68,721804.25
1734795555.8411942,585000,3.608829975128174,487186,0.7710398435592651,True,-61,585000.0
1734795556.0312715,660000,2.278639078140259,501184,0.830921471118927,True,-50,660000.0
1734795556.2854142,715000,0.0,500800,0.8485649824142456,True,-50,715000.0
1734795556.6059165,716000,0.0,560000,0.7101155519485474,True,-78,716000.4375
1734795557.9034631,716000,2.795524835586548,560000,0.4841436743736267,False,-26,716000.4375
1734795558.0675278,716000,2.8421452045440674,499026,0.4339935779571533,True,-47,716000.4375
1734795558.5101316,585000,3.1483094692230225,569129,0.5633656978607178,True,0,585000.0
1734795558.8277032,715000,5.179810047149658,575157,1.0029610395431519,True,4,715000.0
1734795558.9483,720137,0.7039264440536499,584197,0.614108681678772,True,10,720137.625
1734795559.143271,585000,1.0406181812286377,584257,0.5537159442901611,True,10,585000.0
1734795559.312446,715000,0.0,580590,0.8795382380485535,True,9,715000.0
1734795559.4959788,715669,0.8276375532150269,584351,0.6386623978614807,True,10,715669.0625
1734795559.816293,585000,0.0,593420,0.7889695763587952,True,10,585000.0
1734795559.9944165,715000,1.4604746103286743,586739,1.2514421939849854,True,10,715000.0
1734795560.1853652,720826,0.551830530166626,584553,1.238684892654419,True,10,720826.1875
1734795560.2483997,721849,1.4739141464233398,586812,0.5123364925384521,True,10,721849.6875
1734795560.3296745,585000,0.0,583090,0.8903124332427979,True,9,585000.0
1734795560.3887348,715000,2.0079376697540283,583108,0.4407402276992798,True,9,715000.0
1734795560.4527934,585000,1.5707367658615112,564413,0.6696152091026306,True,4,585000.0
1734795560.5180612,715000,2.581444263458252,581637,0.6656694412231445,True,8,715000.0
1734795560.567316,715355,1.1788437366485596,585393,0.5331079959869385,True,9,715355.9375
1734795560.6295218,585000,0.0,579417,0.6098766922950745,True,8,585000.0
1734795560.6924329,715000,1.3081796169281006,592146,0.5159960389137268,True,9,715000.0
1734795560.761458,715399,0.0,583195,0.5028094053268433,True,9,715399.8125
1734795560.8316355,585000,1.0219868421554565,583213,0.5510172843933105,True,9,585000.0
1734795560.9514072,716063,0.0,564504,0.42301493883132935,True,4,716063.75
1734795561.0238314,716446,0.729615330696106,579512,0.4751685857772827,True,8,716446.875
1734795561.0921721,585000,0.0,566789,0.6161326766014099,True,4,585000.0
1734795561.162147,716817,0.9876742362976074,579545,0.390774130821228,True,8,716817.4375
1734795561.3331459,715000,0.0,566885,0.6369246244430542,True,4,715000.0
1734795561.4170678,718012,1.5842171907424927,564652,0.39210301637649536,True,4,718012.25
1734795561.4733984,718347,1.8530791997909546,594592,0.46831971406936646,True,9,718347.1875
1734795561.543558,585000,1.955841064453125,579638,0.6164802312850952,True,8,585000.0
1734795561.6140344,715000,1.276889681816101,583402,0.4522504210472107,True,9,715000.0
1734795561.6842725,716876,0.0,583420,0.5949522852897644,True,9,716876.4375
1734795561.7599063,585000,1.4936532974243164,583439,0.46044862270355225,True,9,585000.0
1734795561.823234,715000,2.776296377182007,564942,0.5460901856422424,True,4,715000.0
1734795561.8939333,585000,0.0,592465,0.17800933122634888,True,9,585000.0
1734795561.9643824,715000,1.4302119016647339,590965,0.16261470317840576,True,8,715000.0
1734795562.03404,585000,0.0,560000,0.12160325050354004,False,-92,585000.0
1734795562.8800893,660000,0.0,560000,0.11845481395721436,False,4,660000.0
1734795562.932039,660000,0.0,270000,0.3087921142578125,True,-122,660000.0
1734795563.018076,715000,0.0,578028,0.17279601097106934,True,7,715000.0
1734795563.0874877,715023,0.0,569042,0.22043144702911377,True,4,715023.875
1734795563.1576703,585000,0.0,863315,0.10107707977294922,True,8,585000.0
1734795563.2273355,585000,0.0,583927,0.08441489934921265,True,8,585000.0
1734795563.297337,660000,0.0,472797,0.16517025232315063,True,-66,660000.0
1734795563.3676107,660000,0.0,598421,0.17437022924423218,True,-63,660000.0
1734795563.4375718,715000,0.307892769575119,596496,0.12528324127197266,True,-64,715000.0
1734795563.5357854,585000,3.6940414905548096,424914,0.12385213375091553,True,-99,585000.0
1734795563.598738,660000,15.589231491088867,560000,0.11473393440246582,False,-104,660000.0
1734795568.1660745,660000,1.3983423709869385,726815,0.22292566299438477,True,14,660000.0
1734795568.2256827,660000,0.0,515681,0.15932315587997437,True,-4,660000.0
1734795568.3994503,715000,0.0,616862,0.6485983729362488,True,32,715000.0
1734795568.5829425,719705,0.0,589312,0.832904577255249,True,27,719705.25
1734795568.7653046,722227,0.2608846127986908,527849,0.7395350337028503,True,-11,722227.25
1734795568.8328273,585000,2.1625425815582275,527044,0.6387032866477966,True,-19,585000.0
1734795568.8897703,660000,3.0507078170776367,526265,0.5529186129570007,True,-21,660000.0
1734795568.9526622,660000,2.256009340286255,541211,0.2601549029350281,True,-17,660000.0
1734795569.022729,660000,0.0,550933,0.9606207013130188,True,-12,660000.0
1734795569.0922985,715964,0.7368562817573547,568914,0.6502339243888855,True,-3,715964.1875
1734795569.164441,585000,0.0,597657,0.763127863407135,True,20,585000.0
1734795569.2322168,715000,0.0,623767,0.5513852834701538,True,32,715000.0
1734795569.3020542,585000,0.0,632829,0.49399787187576294,True,41,715633.0
1734795569.3722866,660000,0.8102166056632996,634432,0.5998180508613586,True,45,660000.0
1734795569.4425018,715000,12.304787635803223,630039,0.6593112349510193,True,45,715000.0
1734795569.511705,715670,0.0,626406,0.5108440518379211,True,44,715670.75
1734795569.5818214,585000,0.0,623466,0.6650152206420898,True,42,585000.0
1734795569.652469,715000,0.0,620545,0.5040769577026367,True,40,715000.0
1734795569.7219806,585000,0.43336912989616394,612371,0.436160683631897,True,36,585000.0
1734795569.7922697,660000,2.1502766609191895,603428,0.7466292381286621,True,30,660000.0
1734795569.8627899,715000,2.6499950885772705,601145,0.5065507292747498,True,25,715000.0
1734795569.933257,585000,0.0,581021,0.6197717785835266,True,18,715461.5
1734795570.0020654,715000,1.1773507595062256,587083,0.5654919147491455,True,16,715000.0
1734795570.0717723,585000,1.9158594608306885,596855,0.81145840883255,True,18,585000.0
1734795570.141814,715000,0.0,609640,0.5763274431228638,True,25,715000.0
1734795570.2117066,585000,0.0,629176,0.7506363391876221,True,35,585000.0
1734795570.2822585,715000,1.2441846132278442,640621,0.45764774084091187,True,47,715000.0
1734795570.3527088,715577,3.8468198776245117,650409,0.5651239156723022,True,55,715577.125
1734795570.4211864,715000,0.0,643040,0.5389550924301147,True,56,715000.0
1734795570.5854914,715816,0.0,648541,0.8108655214309692,True,55,715817.0
1734795570.6559365,716170,1.2832638025283813,656918,0.5580501556396484,True,59,716170.625
1734795570.7268138,719542,0.0,657795,0.6719458699226379,True,61,719542.3125
1734795570.870134,715958,0.0,620620,0.642485499382019,True,45,715958.125
1734795570.940181,716437,0.0,560000,0.3059912323951721,False,45,716437.1875
1734795576.9805865,716584,0.0,529792,1.0307857990264893,True,-23,716584.9375
1734795577.1366296,731584,0.0,541740,1.148831844329834,True,-12,731584.9375
1734795577.444052,585000,3.7123329639434814,560000,0.5621390342712402,False,-38,585000.0
1734795577.491977,585000,2.162283420562744,498630,0.623574435710907,True,-39,585000.0
1734795577.5627735,660000,1.4808471202850342,499298,0.41504162549972534,True,-40,660000.0
1734795578.113224,585000,0.0,560000,0.4613686203956604,False,73,585000.0
1734795578.3093524,715645,1.846605658531189,662164,0.3355129361152649,True,69,715645.1875
