stamp,pwm,velocity,steering_angle,joy_axes,joy_buttons
1734795104.2344284,660000,0.0,560000,[-0.0, -0.0, -0.0, -0.0, 0.0, 0.0],[0, 0, 0, 0, 0, 0, 0, 0, 0, 0, 0, 0, 0, 0, 0, 0, 0, 0]
1734795415.8554587,660000,0.0,560000,[-0.0, 0.10588235408067703, -0.0, -0.0, 0.0, 0.0],[0, 0, 0, 0, 0, 0, 0, 0, 0, 0, 0, 0, 0, 0, 0, 0, 0, 0]
1734795415.9201858,660000,0.0,560000,[-0.0, 0.14509804546833038, -0.0, -0.0, 0.0, 0.0],[0, 0, 0, 0, 0, 0, 0, 0, 0, 0, 0, 0, 0, 0, 0, 0, 0, 0]
1734795415.997444,660000,0.0,560000,[-0.0, 0.1921568661928177, -0.0, -0.0, 0.0, 0.0],[0, 0, 0, 0, 0, 0, 0, 0, 0, 0, 0, 0, 0, 0, 0, 0, 0, 0]
1734795416.0945723,660000,0.2451859414577484,560000,[-0.0, 0.3176470696926117, -0.0, -0.0, 0.0, 0.0],[0, 0, 0, 0, 0, 0, 0, 0, 0, 0, 0, 0, 0, 0, 0, 0, 0, 0]
1734795416.1953185,660000,0.0,560000,[-0.0, -0.0, -0.0, -0.0, 0.0, 0.0],[0, 0, 0, 0, 0, 0, 0, 0, 0, 0, 0, 0, 0, 0, 0, 0, 0, 0]
1734795426.0954218,660000,0.0,560000,[-0.0, -0.0, -0.0, -0.0, 0.0, 0.0117647061124444],[0, 0, 0, 0, 0, 0, 0, 1, 0, 0, 0, 0, 0, 0, 0, 0, 0, 0]
1734795426.1936255,691529,0.0,560000,[-0.0, -0.0, -0.0, -0.0, 0.0, 0.26274511218070984],[0, 0, 0, 0, 0, 0, 0, 1, 0, 0, 0, 0, 0, 0, 0, 0, 0, 0]
1734795426.2940276,697176,0.0,560000,[-0.0, -0.0, -0.0, -0.0, 0.0, 0.30980393290519714],[0, 0, 0, 0, 0, 0, 0, 1, 0, 0, 0, 0, 0, 0, 0, 0, 0, 0]
1734795426.394222,660000,0.0,560000,[-0.0, -0.0, -0.0, -0.0, 0.0, 0.0],[0, 0, 0, 0, 0, 0, 0, 0, 0, 0, 0, 0, 0, 0, 0, 0, 0, 0]
1734795426.5723026,660000,0.0,560000,[-0.0, -0.0, -0.0, -0.0, 0.0, 0.10196078568696976],[0, 0, 0, 0, 0, 0, 0, 1, 0, 0, 0, 0, 0, 0, 0, 0, 0, 0]
1734795426.6315103,685411,0.09752064943313599,560000,[-0.0, -0.0, -0.0, -0.0, 0.0, 0.2666666805744171],[0, 0, 0, 0, 0, 0, 0, 1, 0, 0, 0, 0, 0, 0, 0, 0, 0, 0]
1734795426.702225,700000,0.0,560000,[-0.0, -0.0, -0.0, -0.0, 0.0, 0.3333333432674408],[0, 0, 0, 0, 0, 0, 0, 1, 0, 0, 0, 0, 0, 0, 0, 0, 0, 0]
1734795426.829399,700000,0.0,560000,[-0.0, -0.0, -0.0, -0.0, 0.0, 0.32549020648002625],[0, 0, 0, 0, 0, 0, 0, 1, 0, 0, 0, 0, 0, 0, 0, 0, 0, 0]
1734795426.8957288,698117,0.0,560000,[-0.0, -0.0, -0.0, -0.0, 0.0, 0.3176470696926117],[0, 0, 0, 0, 0, 0, 0, 1, 0, 0, 0, 0, 0, 0, 0, 0, 0, 0]
1734795426.9950137,710352,0.0,560000,[-0.0, -0.0, -0.0, -0.0, 0.0, 0.41960784792900085],[0, 0, 0, 0, 0, 0, 0, 1, 0, 0, 0, 0, 0, 0, 0, 0, 0, 0]
1734795427.0959418,726352,0.0,560000,[-0.0, -0.0, -0.0, -0.0, 0.0, 0.5529412031173706],[0, 0, 0, 0, 0, 0, 0, 1, 0, 0, 0, 0, 0, 0, 0, 0, 0, 0]
1734795427.1960256,722117,0.0,560000,[-0.0, -0.0, -0.0, -0.0, 0.0, 0.5176470875740051],[0, 0, 0, 0, 0, 0, 0, 1, 0, 0, 0, 0, 0, 0, 0, 0, 0, 0]
1734795427.2956417,715058,0.39540696144104004,560000,[-0.0, -0.0, -0.0, -0.0, 0.0, 0.4588235318660736],[0, 0, 0, 0, 0, 0, 0, 1, 0, 0, 0, 0, 0, 0, 0, 0, 0, 0]
1734795427.3947623,699529,1.5717312097549438,560000,[-0.0, -0.0, -0.0, -0.0, 0.0, 0.3294117748737335],[0, 0, 0, 0, 0, 0, 0, 1, 0, 0, 0, 0, 0, 0, 0, 0, 0, 0]
1734795427.4964325,697176,2.186974287033081,560000,[-0.0, -0.0, -0.0, -0.0, 0.0, 0.30980393290519714],[0, 0, 0, 0, 0, 0, 0, 1, 0, 0, 0, 0, 0, 0, 0, 0, 0, 0]
1734795427.7752376,697176,1.4256833791732788,560000,[-0.0, -0.0, -0.0, -0.0, 0.0, 0.3137255012989044],[0, 0, 0, 0, 0, 0, 0, 1, 0, 0, 0, 0, 0, 0, 0, 0, 0, 0]
1734795427.822261,698117,1.1979620456695557,560000,[-0.0, -0.0, -0.0, -0.0, 0.0, 0.3294117748737335],[0, 0, 0, 0, 0, 0, 0, 1, 0, 0, 0, 0, 0, 0, 0, 0, 0, 0]
1734795427.8951805,701411,0.0,560000,[-0.0, -0.0, -0.0, -0.0, 0.0, 0.3450980484485626],[0, 0, 0, 0, 0, 0, 0, 1, 0, 0, 0, 0, 0, 0, 0, 0, 0, 0]
1734795427.9964592,700941,0.9148234128952026,560000,[-0.0, -0.0, -0.0, -0.0, 0.0, 0.34117648005485535],[0, 0, 0, 0, 0, 0, 0, 1, 0, 0, 0, 0, 0, 0, 0, 0, 0, 0]
1734795428.1272326,700941,0.0,560000,[-0.0, -0.0, -0.0, -0.0, 0.0, 0.3450980484485626],[0, 0, 0, 0, 0, 0, 0, 1, 0, 0, 0, 0, 0, 0, 0, 0, 0, 0]
1734795428.1969237,701411,0.5668815970420837,560000,[-0.0, -0.0, -0.0, -0.0, 0.0, 0.3529411852359772],[0, 0, 0, 0, 0, 0, 0, 1, 0, 0, 0, 0, 0, 0, 0, 0, 0, 0]
1734795428.295907,704235,0.0,560000,[-0.0, -0.0, -0.0, -0.0, 0.0, 0.3686274588108063],[0, 0, 0, 0, 0, 0, 0, 1, 0, 0, 0, 0, 0, 0, 0, 0, 0, 0]
1734795428.3954792,704235,0.0,560000,[-0.0, -0.0, -0.0, -0.0, 0.0, 0.3686274588108063],[0, 0, 0, 0, 0, 0, 0, 1, 0, 0, 0, 0, 0, 0, 0, 0, 0, 0]
1734795428.4945226,722588,0.0,560000,[-0.0, -0.0, -0.0, -0.0, 0.0, 0.5215686559677124],[0, 0, 0, 0, 0, 0, 0, 1, 0, 0, 0, 0, 0, 0, 0, 0, 0, 0]
1734795428.5952892,727764,0.0,560000,[-0.0, -0.0, -0.0, -0.0, 0.0, 0.5647059082984924],[0, 0, 0, 0, 0, 0, 0, 1, 0, 0, 0, 0, 0, 0, 0, 0, 0, 0]
1734795428.6971464,720235,0.6813305020332336,560000,[-0.0, -0.0, -0.0, -0.0, 0.0, 0.501960813999176],[0, 0, 0, 0, 0, 0, 0, 1, 0, 0, 0, 0, 0, 0, 0, 0, 0, 0]
1734795428.795159,684470,1.60660719871521,560000,[-0.0, -0.0, -0.0, -0.0, 0.0, 0.20392157137393951],[0, 0, 0, 0, 0, 0, 0, 1, 0, 0, 0, 0, 0, 0, 0, 0, 0, 0]
1734795428.8959103,660000,2.356482982635498,560000,[-0.0, -0.0, -0.0, -0.0, 0.0, 0.0],[0, 0, 0, 0, 0, 0, 0, 0, 0, 0, 0, 0, 0, 0, 0, 0, 0, 0]
1734795431.7163274,660000,0.0,560000,[-0.0, -0.0, -0.0, -0.0, 0.23137255012989044, 0.0],[0, 0, 0, 0, 0, 1, 0, 0, 0, 0, 0, 0, 0, 0, 0, 0, 0, 0]
1734795431.7963111,635588,0.0,560000,[-0.0, -0.0, -0.0, -0.0, 0.3764705955982208, 0.0],[0, 0, 0, 0, 0, 1, 0, 0, 0, 0, 0, 0, 0, 0, 0, 0, 0, 0]
1734795431.8957305,660000,0.0,560000,[-0.0, -0.0, -0.0, -0.0, 0.0, 0.0],[0, 0, 0, 0, 0, 0, 0, 0, 0, 0, 0, 0, 0, 0, 0, 0, 0, 0]
1734795432.5267963,660000,0.0,560000,[-0.0, -0.0, -0.0, -0.0, 0.15294118225574493, 0.0],[0, 0, 0, 0, 0, 1, 0, 0, 0, 0, 0, 0, 0, 0, 0, 0, 0, 0]
1734795432.596919,585000,0.0,560000,[-0.0, -0.0, -0.0, -0.0, 1.0, 0.0],[0, 0, 0, 0, 0, 1, 0, 0, 0, 0, 0, 0, 0, 0, 0, 0, 0, 0]
1734795432.7092226,585000,0.0,560000,[-0.0, -0.0, -0.0, -0.0, 0.8235294222831726, 0.0],[0, 0, 0, 0, 0, 1, 0, 0, 0, 0, 0, 0, 0, 0, 0, 0, 0, 0]
1734795432.7960339,660000,3.963594675064087,560000,[-0.0, -0.0, -0.0, -0.0, 0.0, 0.0],[0, 0, 0, 0, 0, 0, 0, 0, 0, 0, 0, 0, 0, 0, 0, 0, 0, 0]
1734795432.8947568,660000,3.960974931716919,560000,[-0.0, -0.0, -0.0, -0.0, 0.0, 0.0],[0, 0, 0, 0, 0, 0, 0, 0, 0, 0, 0, 0, 0, 0, 0, 0, 0, 0]
1734795445.5980825,660000,0.0,560000,[-0.0, -0.0, -0.0, -0.0, 0.1411764770746231, 0.0],[0, 0, 0, 0, 0, 1, 0, 0, 0, 0, 0, 0, 0, 0, 0, 0, 0, 0]
1734795445.6961026,585000,0.0,560000,[-0.0, -0.0, -0.0, -0.0, 1.0, 0.0],[0, 0, 0, 0, 0, 1, 0, 0, 0, 0, 0, 0, 0, 0, 0, 0, 0, 0]
1734795445.876628,585000,2.911106586456299,560000,[-0.0, -0.0, -0.0, -0.0, 0.6078431606292725, 0.0],[0, 0, 0, 0, 0, 1, 0, 0, 0, 0, 0, 0, 0, 0, 0, 0, 0, 0]
1734795445.8955133,660000,3.302245855331421,560000,[-0.0, -0.0, -0.0, -0.0, 0.0, 0.0],[0, 0, 0, 0, 0, 0, 0, 0, 0, 0, 0, 0, 0, 0, 0, 0, 0, 0]
1734795474.288838,660000,0.0,560000,[-0.0, -0.0, -0.0, -0.0, 0.0, 0.03529411926865578],[0, 0, 0, 0, 0, 0, 0, 1, 0, 0, 0, 0, 0, 0, 0, 0, 0, 0]
1734795474.3028464,664235,0.0,560000,[-0.0, -0.0, -0.0, -0.0, 0.0, 0.07058823853731155],[0, 0, 0, 0, 0, 0, 0, 1, 0, 0, 0, 0, 0, 0, 0, 0, 0, 0]
1734795474.3970623,722588,0.0,560000,[-0.0, -0.0, -0.0, -0.0, 0.0, 0.5411764979362488],[0, 0, 0, 0, 0, 0, 0, 1, 0, 0, 0, 0, 0, 0, 0, 0, 0, 0]
1734795474.4957142,780000,0.0,560000,[-0.0, -0.0, -0.0, -0.0, 0.0, 1.0],[0, 0, 0, 0, 0, 0, 0, 1, 0, 0, 0, 0, 0, 0, 0, 0, 0, 0]
1734795474.595925,660000,4.452994346618652,560000,[-0.0, -0.0, -0.0, -0.0, 0.0, 0.0],[0, 0, 0, 0, 0, 0, 0, 0, 0, 0, 0, 0, 0, 0, 0, 0, 0, 0]
1734795475.939608,660000,0.0,560000,[-0.0, -0.0, -0.0, -0.0, 0.0, 0.10588235408067703],[0, 0, 0, 0, 0, 0, 0, 1, 0, 0, 0, 0, 0, 0, 0, 0, 0, 0]
1734795475.9956157,726352,0.0,560000,[-0.0, -0.0, -0.0, -0.0, 0.0, 0.5529412031173706],[0, 0, 0, 0, 0, 0, 0, 1, 0, 0, 0, 0, 0, 0, 0, 0, 0, 0]
1734795476.0947237,719294,0.0,560000,[-0.0, -0.0, -0.0, -0.0, 0.0, 0.4941176474094391],[0, 0, 0, 0, 0, 0, 0, 1, 0, 0, 0, 0, 0, 0, 0, 0, 0, 0]
1734795476.1954482,660000,0.12034778296947479,560000,[-0.0, -0.0, -0.0, -0.0, 0.0, 0.0],[0, 0, 0, 0, 0, 0, 0, 0, 0, 0, 0, 0, 0, 0, 0, 0, 0, 0]
1734795476.2990794,660000,1.3895879983901978,560000,[-0.0, -0.0, -0.0, -0.0, 0.0, 0.08627451211214066],[0, 0, 0, 0, 0, 0, 0, 1, 0, 0, 0, 0, 0, 0, 0, 0, 0, 0]
1734795476.3946846,744235,0.0,560000,[-0.0, -0.0, -0.0, -0.0, 0.0, 0.7019608020782471],[0, 0, 0, 0, 0, 0, 0, 1, 0, 0, 0, 0, 0, 0, 0, 0, 0, 0]
1734795476.4970171,660000,0.0,560000,[-0.0, -0.0, -0.0, -0.0, 0.0, 0.0],[0, 0, 0, 0, 0, 0, 0, 0, 0, 0, 0, 0, 0, 0, 0, 0, 0, 0]
1734795476.6135578,660000,1.4243135452270508,560000,[-0.0, -0.0, -0.0, -0.0, 0.0, 0.29019609093666077],[0, 0, 0, 0, 0, 0, 0, 1, 0, 0, 0, 0, 0, 0, 0, 0, 0, 0]
1734795476.6954446,705647,0.0,560000,[-0.0, -0.0, -0.0, -0.0, 0.0, 0.3803921639919281],[0, 0, 0, 0, 0, 0, 0, 1, 0, 0, 0, 0, 0, 0, 0, 0, 0, 0]
1734795476.795216,660000,1.0741721391677856,560000,[-0.0, -0.0, -0.0, -0.0, 0.0, 0.0],[0, 0, 0, 0, 0, 0, 0, 0, 0, 0, 0, 0, 0, 0, 0, 0, 0, 0]
1734795479.4665244,660000,0.0,560000,[-0.0, -0.0, -0.0, -0.0, 0.0, 0.0313725508749485],[0, 0, 0, 0, 0, 0, 0, 1, 0, 0, 0, 0, 0, 0, 0, 0, 0, 0]
1734795479.49722,674117,0.0,560000,[-0.0, -0.0, -0.0, -0.0, 0.0, 0.13333334028720856],[0, 0, 0, 0, 0, 0, 0, 1, 0, 0, 0, 0, 0, 0, 0, 0, 0, 0]
1734795479.5950654,693882,0.0,560000,[-0.0, -0.0, -0.0, -0.0, 0.0, 0.2823529541492462],[0, 0, 0, 0, 0, 0, 0, 1, 0, 0, 0, 0, 0, 0, 0, 0, 0, 0]
1734795479.6947024,689647,0.0,560000,[-0.0, -0.0, -0.0, -0.0, 0.0, 0.24705882370471954],[0, 0, 0, 0, 0, 0, 0, 1, 0, 0, 0, 0, 0, 0, 0, 0, 0, 0]
1734795479.7985632,686352,0.0,560000,[-0.0, -0.0, -0.0, -0.0, 0.0, 0.20000000298023224],[0, 0, 0, 0, 0, 0, 0, 1, 0, 0, 0, 0, 0, 0, 0, 0, 0, 0]
1734795479.895088,675529,0.21288786828517914,560000,[-0.0, -0.0, -0.0, -0.0, 0.0, 0.12941177189350128],[0, 0, 0, 0, 0, 0, 0, 1, 0, 0, 0, 0, 0, 0, 0, 0, 0, 0]
1734795479.9956393,698588,0.0,560000,[-0.0, -0.0, -0.0, -0.0, 0.0, 0.32156863808631897],[0, 0, 0, 0, 0, 0, 0, 1, 0, 0, 0, 0, 0, 0, 0, 0, 0, 0]
1734795480.0983298,712235,0.0,560000,[-0.0, -0.0, -0.0, -0.0, 0.0, 0.3764705955982208],[0, 0, 0, 0, 0, 0, 0, 1, 0, 0, 0, 0, 0, 0, 0, 0, 0, 0]
1734795480.1961048,660000,0.3916192948818207,560000,[-0.0, -0.0, -0.0, -0.0, 0.0, 0.0],[0, 0, 0, 0, 0, 0, 0, 0, 0, 0, 0, 0, 0, 0, 0, 0, 0, 0]
1734795480.6954553,660000,0.0,560000,[-0.0, -0.0, -0.0, -0.0, 0.1568627506494522, 0.0],[0, 0, 0, 0, 0, 1, 0, 0, 0, 0, 0, 0, 0, 0, 0, 0, 0, 0]
1734795480.7418838,660000,0.0,560000,[-0.0, -0.0, -0.0, -0.0, 0.5490196347236633, 0.0],[0, 0, 0, 0, 0, 1, 0, 0, 0, 0, 0, 0, 0, 0, 0, 0, 0, 0]
1734795480.811627,605882,0.0,560000,[-0.0, -0.0, -0.0, -0.0, 0.729411780834198, 0.0],[0, 0, 0, 0, 0, 1, 0, 0, 0, 0, 0, 0, 0, 0, 0, 0, 0, 0]
1734795480.894846,660000,0.0,560000,[-0.0, -0.0, -0.0, -0.0, 0.0, 0.0],[0, 0, 0, 0, 0, 0, 0, 0, 0, 0, 0, 0, 0, 0, 0, 0, 0, 0]
1734795480.9966712,630294,0.0,560000,[-0.0, -0.0, -0.0, -0.0, 0.5333333611488342, 0.0],[0, 0, 0, 0, 0, 1, 0, 0, 0, 0, 0, 0, 0, 0, 0, 0, 0, 0]
1734795481.094395,599411,0.0,560000,[-0.0, -0.0, -0.0, -0.0, 0.8078431487083435, 0.0],[0, 0, 0, 0, 0, 1, 0, 0, 0, 0, 0, 0, 0, 0, 0, 0, 0, 0]
1734795481.1950889,599999,0.12154344469308853,560000,[-0.0, -0.0, -0.0, -0.0, 0.800000011920929, 0.0],[0, 0, 0, 0, 0, 1, 0, 0, 0, 0, 0, 0, 0, 0, 0, 0, 0, 0]
1734795481.296294,607647,1.2246181964874268,560000,[-0.0, -0.0, -0.0, -0.0, 0.6745098233222961, 0.0],[0, 0, 0, 0, 0, 1, 0, 0, 0, 0, 0, 0, 0, 0, 0, 0, 0, 0]
1734795481.395149,636176,2.5517139434814453,560000,[-0.0, -0.0, -0.0, -0.0, 0.3176470696926117, 0.0],[0, 0, 0, 0, 0, 1, 0, 0, 0, 0, 0, 0, 0, 0, 0, 0, 0, 0]
1734795481.4958987,660000,2.9207394123077393,560000,[-0.0, -0.0, -0.0, -0.0, 0.0, 0.0],[0, 0, 0, 0, 0, 0, 0, 0, 0, 0, 0, 0, 0, 0, 0, 0, 0, 0]
1734795481.8915687,660000,0.0,560000,[-0.0, -0.0, -0.0, -0.0, 0.0117647061124444, 0.0],[0, 0, 0, 0, 0, 1, 0, 0, 0, 0, 0, 0, 0, 0, 0, 0, 0, 0]
1734795481.9315186,659117,0.0,560000,[-0.0, -0.0, -0.0, -0.0, 0.21176470816135406, 0.0],[0, 0, 0, 0, 0, 1, 0, 0, 0, 0, 0, 0, 0, 0, 0, 0, 0, 0]
1734795482.0007353,635882,0.0,560000,[-0.0, -0.0, -0.0, -0.0, 0.3450980484485626, 0.0],[0, 0, 0, 0, 0, 1, 0, 0, 0, 0, 0, 0, 0, 0, 0, 0, 0, 0]
1734795482.094815,621764,0.0,560000,[-0.0, -0.0, -0.0, -0.0, 0.5098039507865906, 0.0],[0, 0, 0, 0, 0, 1, 0, 0, 0, 0, 0, 0, 0, 0, 0, 0, 0, 0]
1734795482.1963377,610294,0.0,560000,[-0.0, -0.0, -0.0, -0.0, 0.686274528503418, 0.0],[0, 0, 0, 0, 0, 1, 0, 0, 0, 0, 0, 0, 0, 0, 0, 0, 0, 0]
1734795482.2960844,600882,0.24210411310195923,560000,[-0.0, -0.0, -0.0, -0.0, 0.7882353067398071, 0.0],[0, 0, 0, 0, 0, 1, 0, 0, 0, 0, 0, 0, 0, 0, 0, 0, 0, 0]
1734795482.3952742,660000,0.0,560000,[-0.0, -0.0, -0.0, -0.0, 0.0, 0.0],[0, 0, 0, 0, 0, 0, 0, 0, 0, 0, 0, 0, 0, 0, 0, 0, 0, 0]
1734795482.6604471,660000,0.0,560000,[-0.0, -0.0, -0.0, -0.0, 0.21176470816135406, 0.0],[0, 0, 0, 0, 0, 1, 0, 0, 0, 0, 0, 0, 0, 0, 0, 0, 0, 0]
1734795482.7014034,621764,0.0,560000,[-0.0, -0.0, -0.0, -0.0, 0.5098039507865906, 0.0],[0, 0, 0, 0, 0, 1, 0, 0, 0, 0, 0, 0, 0, 0, 0, 0, 0, 0]
1734795482.7974718,602352,0.0,560000,[-0.0, -0.0, -0.0, -0.0, 0.7137255072593689, 0.0],[0, 0, 0, 0, 0, 1, 0, 0, 0, 0, 0, 0, 0, 0, 0, 0, 0, 0]
1734795482.8962798,660000,0.0,560000,[-0.0, -0.0, -0.0, -0.0, 0.0, 0.0],[0, 0, 0, 0, 0, 0, 0, 0, 0, 0, 0, 0, 0, 0, 0, 0, 0, 0]
1734795495.5733554,660000,0.0,560000,[-0.0, -0.0, -0.0, -0.0, 0.0, 0.0313725508749485],[0, 0, 0, 0, 0, 0, 0, 1, 0, 0, 0, 0, 0, 0, 0, 0, 0, 0]
1734795495.5960042,683058,0.0,560000,[-0.0, -0.0, -0.0, -0.0, 0.0, 0.1921568661928177],[0, 0, 0, 0, 0, 0, 0, 1, 0, 0, 0, 0, 0, 0, 0, 0, 0, 0]
1734795495.694817,707058,0.0,560000,[-0.0, -0.0, -0.0, -0.0, 0.0, 0.3921568691730499],[0, 0, 0, 0, 0, 0, 0, 1, 0, 0, 0, 0, 0, 0, 0, 0, 0, 0]
1734795495.7949402,660000,0.0,560000,[-0.0, -0.0, -0.0, -0.0, 0.0, 0.0],[0, 0, 0, 0, 0, 0, 0, 0, 0, 0, 0, 0, 0, 0, 0, 0, 0, 0]
1734795495.8940535,726352,0.0,560000,[-0.0, -0.0, -0.0, -0.0, 0.0, 0.5529412031173706],[0, 0, 0, 0, 0, 0, 0, 1, 0, 0, 0, 0, 0, 0, 0, 0, 0, 0]
1734795495.9954913,725882,0.0,560000,[-0.0, -0.0, -0.0, -0.0, 0.0, 0.4274509847164154],[0, 0, 0, 0, 0, 0, 0, 1, 0, 0, 0, 0, 0, 0, 0, 0, 0, 0]
1734795496.0956585,660000,0.0,560000,[-0.0, -0.0, -0.0, -0.0, 0.0, 0.0],[0, 0, 0, 0, 0, 0, 0, 0, 0, 0, 0, 0, 0, 0, 0, 0, 0, 0]
1734795498.0618494,660000,0.0,560000,[-0.0, -0.0, -0.0, -0.0, 0.0, 0.05098039284348488],[0, 0, 0, 0, 0, 0, 0, 1, 0, 0, 0, 0, 0, 0, 0, 0, 0, 0]
1734795498.1015577,688705,0.3647591173648834,560000,[-0.0, -0.0, -0.0, -0.0, 0.0, 0.2823529541492462],[0, 0, 0, 0, 0, 0, 0, 1, 0, 0, 0, 0, 0, 0, 0, 0, 0, 0]
1734795498.1957905,710352,0.0,560000,[-0.0, -0.0, -0.0, -0.0, 0.0, 0.41960784792900085],[0, 0, 0, 0, 0, 0, 0, 1, 0, 0, 0, 0, 0, 0, 0, 0, 0, 0]
1734795498.2951665,748941,0.6809538006782532,560000,[-0.0, -0.0, -0.0, -0.0, 0.0, 0.7411764860153198],[0, 0, 0, 0, 0, 0, 0, 1, 0, 0, 0, 0, 0, 0, 0, 0, 0, 0]
1734795498.394232,748941,0.9001549482345581,560000,[-0.0, -0.0, -0.0, -0.0, 0.0, 0.7411764860153198],[0, 0, 0, 0, 0, 0, 0, 1, 0, 0, 0, 0, 0, 0, 0, 0, 0, 0]
1734795498.4976313,735294,2.9864087104797363,560000,[-0.0, -0.0, -0.0, -0.0, 0.0, 0.6235294342041016],[0, 0, 0, 0, 0, 0, 0, 1, 0, 0, 0, 0, 0, 0, 0, 0, 0, 0]
1734795498.5962064,679764,4.362267971038818,560000,[-0.0, -0.0, -0.0, -0.0, 0.0, 0.16470588743686676],[0, 0, 0, 0, 0, 0, 0, 1, 0, 0, 0, 0, 0, 0, 0, 0, 0, 0]
1734795498.6952448,660000,4.4741058349609375,560000,[-0.0, -0.0, -0.0, -0.0, 0.0, 0.0],[0, 0, 0, 0, 0, 0, 0, 0, 0, 0, 0, 0, 0, 0, 0, 0, 0, 0]
1734795500.1695101,660000,0.0,560000,[-0.0, -0.0, -0.0, -0.0, 0.0, 0.09019608050584793],[0, 0, 0, 0, 0, 0, 0, 1, 0, 0, 0, 0, 0, 0, 0, 0, 0, 0]
1734795500.2007935,681176,0.0,560000,[-0.0, -0.0, -0.0, -0.0, 0.0, 0.22745098173618317],[0, 0, 0, 0, 0, 0, 0, 1, 0, 0, 0, 0, 0, 0, 0, 0, 0, 0]
1734795500.293665,698117,0.0,560000,[-0.0, -0.0, -0.0, -0.0, 0.0, 0.3176470696926117],[0, 0, 0, 0, 0, 0, 0, 1, 0, 0, 0, 0, 0, 0, 0, 0, 0, 0]
1734795500.3954763,716000,0.0,560000,[-0.0, -0.0, -0.0, -0.0, 0.0, 0.46666666865348816],[0, 0, 0, 0, 0, 0, 0, 1, 0, 0, 0, 0, 0, 0, 0, 0, 0, 0]
1734795500.495819,720705,0.0,560000,[-0.0, -0.0, -0.0, -0.0, 0.0, 0.5058823823928833],[0, 0, 0, 0, 0, 0, 0, 1, 0, 0, 0, 0, 0, 0, 0, 0, 0, 0]
1734795500.5944028,717411,0.09159652888774872,560000,[-0.0, -0.0, -0.0, -0.0, 0.0, 0.47843137383461],[0, 0, 0, 0, 0, 0, 0, 1, 0, 0, 0, 0, 0, 0, 0, 0, 0, 0]
1734795500.697278,700000,1.0412101745605469,560000,[-0.0, -0.0, -0.0, -0.0, 0.0, 0.3333333432674408],[0, 0, 0, 0, 0, 0, 0, 1, 0, 0, 0, 0, 0, 0, 0, 0, 0, 0]
1734795500.795758,660000,1.4869104623794556,560000,[-0.0, -0.0, -0.0, -0.0, 0.0, 0.0],[0, 0, 0, 0, 0, 0, 0, 0, 0, 0, 0, 0, 0, 0, 0, 0, 0, 0]
1734795501.0670528,660000,0.0,560000,[-0.1764705926179886, -0.0, -0.0, -0.0, 0.0, 0.0],[0, 0, 0, 0, 0, 0, 0, 0, 0, 0, 0, 0, 0, 0, 0, 0, 0, 0]
1734795501.1107736,660000,0.0,607058,[-0.7647058963775635, -0.0, -0.0, -0.0, 0.0, 0.0],[0, 0, 0, 0, 0, 0, 0, 0, 0, 0, 0, 0, 0, 0, 0, 0, 0, 0]
1734795501.1946898,660000,0.0,780000,[-1.0, -0.0, -0.0, -0.0, 0.0, 0.0],[0, 0, 0, 0, 0, 0, 0, 0, 0, 0, 0, 0, 0, 0, 0, 0, 0, 0]
1734795502.0295002,660000,0.0,780000,[-1.0, -0.0, -0.0, -0.0, 0.0, 0.07058823853731155],[0, 0, 0, 0, 0, 0, 0, 1, 0, 0, 0, 0, 0, 0, 0, 0, 0, 0]
1734795502.0953653,712235,0.0,780000,[-1.0, -0.0, -0.0, -0.0, 0.0, 0.43529412150382996],[0, 0, 0, 0, 0, 0, 0, 1, 0, 0, 0, 0, 0, 0, 0, 0, 0, 0]
1734795502.195144,748000,0.0,780000,[-1.0, -0.0, -0.0, -0.0, 0.0, 0.7333333492279053],[0, 0, 0, 0, 0, 0, 0, 1, 0, 0, 0, 0, 0, 0, 0, 0, 0, 0]
1734795502.2955205,672235,0.08968742936849594,780000,[-1.0, -0.0, -0.0, -0.0, 0.0, 0.10196078568696976],[0, 0, 0, 0, 0, 0, 0, 1, 0, 0, 0, 0, 0, 0, 0, 0, 0, 0]
1734795502.3946712,660000,2.4444267749786377,780000,[-1.0, -0.0, -0.0, -0.0, 0.0, 0.0],[0, 0, 0, 0, 0, 0, 0, 0, 0, 0, 0, 0, 0, 0, 0, 0, 0, 0]
1734795502.5484803,660000,1.3014860153198242,780000,[-1.0, -0.0, -0.0, -0.0, 0.0, 0.21568627655506134],[0, 0, 0, 0, 0, 0, 0, 1, 0, 0, 0, 0, 0, 0, 0, 0, 0, 0]
1734795502.595749,720705,0.0,780000,[-1.0, -0.0, -0.0, -0.0, 0.0, 0.5058823823928833],[0, 0, 0, 0, 0, 0, 0, 1, 0, 0, 0, 0, 0, 0, 0, 0, 0, 0]
1734795502.6965766,715529,0.8401511311531067,780000,[-1.0, -0.0, -0.0, -0.0, 0.0, 0.4313725531101227],[0, 0, 0, 0, 0, 0, 0, 1, 0, 0, 0, 0, 0, 0, 0, 0, 0, 0]
1734795502.7963305,660000,1.1998451948165894,780000,[-1.0, -0.0, -0.0, -0.0, 0.0, 0.0],[0, 0, 0, 0, 0, 0, 0, 0, 0, 0, 0, 0, 0, 0, 0, 0, 0, 0]
1734795502.8984346,694823,1.3316993713378906,780000,[-1.0, -0.0, -0.0, -0.0, 0.0, 0.3960784375667572],[0, 0, 0, 0, 0, 0, 0, 1, 0, 0, 0, 0, 0, 0, 0, 0, 0, 0]
1734795502.9952347,685411,0.0,780000,[-1.0, -0.0, -0.0, -0.0, 0.0, 0.21176470816135406],[0, 0, 0, 0, 0, 0, 0, 1, 0, 0, 0, 0, 0, 0, 0, 0, 0, 0]
1734795503.1390524,660000,0.7042763829231262,780000,[-1.0, -0.0, -0.0, -0.0, 0.0, 0.250980406999588],[0, 0, 0, 0, 0, 0, 0, 1, 0, 0, 0, 0, 0, 0, 0, 0, 0, 0]
1734795503.195116,758352,0.0,780000,[-1.0, -0.0, -0.0, -0.0, 0.0, 0.8196078538894653],[0, 0, 0, 0, 0, 0, 0, 1, 0, 0, 0, 0, 0, 0, 0, 0, 0, 0]
1734795503.2969644,724941,0.5372292399406433,780000,[-1.0, -0.0, -0.0, -0.0, 0.0, 0.5411764979362488],[0, 0, 0, 0, 0, 0, 0, 1, 0, 0, 0, 0, 0, 0, 0, 0, 0, 0]
1734795503.3958921,660000,5.123488426208496,780000,[-1.0, -0.0, -0.0, -0.0, 0.0, 0.0],[0, 0, 0, 0, 0, 0, 0, 0, 0, 0, 0, 0, 0, 0, 0, 0, 0, 0]
1734795503.5195446,660000,1.6741060018539429,780000,[-1.0, -0.0, -0.0, -0.0, 0.0, 0.45098039507865906],[0, 0, 0, 0, 0, 0, 0, 1, 0, 0, 0, 0, 0, 0, 0, 0, 0, 0]
1734795503.595829,725882,0.0,780000,[-1.0, -0.0, -0.0, -0.0, 0.0, 0.5490196347236633],[0, 0, 0, 0, 0, 0, 0, 1, 0, 0, 0, 0, 0, 0, 0, 0, 0, 0]
1734795503.6983147,660000,1.274802803993225,686117,[-0.3803921639919281, -0.0, -0.0, -0.0, 0.0, 0.0],[0, 0, 0, 0, 0, 0, 0, 0, 0, 0, 0, 0, 0, 0, 0, 0, 0, 0]
1734795503.7952821,660470,1.2507325410842896,560000,[-0.0, -0.0, -0.0, -0.0, 0.0, 0.003921568859368563],[0, 0, 0, 0, 0, 0, 0, 1, 0, 0, 0, 0, 0, 0, 0, 0, 0, 0]
1734795503.8955445,718352,0.0,560000,[-0.0, -0.0, -0.0, -0.0, 0.0, 0.48627451062202454],[0, 0, 0, 0, 0, 0, 0, 1, 0, 0, 0, 0, 0, 0, 0, 0, 0, 0]
1734795503.9968488,673647,0.7710546255111694,560000,[-0.0, -0.0, -0.0, -0.0, 0.0, 0.0],[0, 0, 0, 0, 0, 0, 0, 0, 0, 0, 0, 0, 0, 0, 0, 0, 0, 0]
1734795504.108513,660000,0.0,560000,[-0.0, -0.0, -0.0, -0.0, 0.0, 0.003921568859368563],[0, 0, 0, 0, 0, 0, 0, 1, 0, 0, 0, 0, 0, 0, 0, 0, 0, 0]
1734795504.195335,712235,0.0,560000,[-0.0, -0.0, -0.0, -0.0, 0.0, 0.43529412150382996],[0, 0, 0, 0, 0, 0, 0, 1, 0, 0, 0, 0, 0, 0, 0, 0, 0, 0]
1734795504.296024,711294,0.0,560000,[-0.0, -0.0, -0.0, -0.0, 0.0, 0.4274509847164154],[0, 0, 0, 0, 0, 0, 0, 1, 0, 0, 0, 0, 0, 0, 0, 0, 0, 0]
1734795504.3951442,705176,0.0,676235,[-0.5058823823928833, -0.0, -0.0, -0.0, 0.0, 0.3764705955982208],[0, 0, 0, 0, 0, 0, 0, 1, 0, 0, 0, 0, 0, 0, 0, 0, 0, 0]
1734795504.495267,704235,0.0,760235,[-0.9058823585510254, -0.11372549086809158, -0.0, -0.0, 0.0, 0.3686274588108063],[0, 0, 0, 0, 0, 0, 0, 1, 0, 0, 0, 0, 0, 0, 0, 0, 0, 0]
1734795504.5960386,703764,0.0,653176,[-0.3960784375667572, -0.0, -0.0, -0.0, 0.0, 0.364705890417099],[0, 0, 0, 0, 0, 0, 0, 1, 0, 0, 0, 0, 0, 0, 0, 0, 0, 0]
1734795504.6943674,706588,0.0,605411,[-0.16862745583057404, -0.0, -0.0, -0.0, 0.0, 0.38823530077934265],[0, 0, 0, 0, 0, 0, 0, 1, 0, 0, 0, 0, 0, 0, 0, 0, 0, 0]
1734795504.795953,708000,0.0,605411,[-0.16862745583057404, -0.0, -0.0, -0.0, 0.0, 0.4000000059604645],[0, 0, 0, 0, 0, 0, 0, 1, 0, 0, 0, 0, 0, 0, 0, 0, 0, 0]
1734795504.8948889,708000,0.0,712470,[-0.6784313917160034, -0.10588235408067703, -0.0, -0.0, 0.0, 0.4000000059604645],[0, 0, 0, 0, 0, 0, 0, 1, 0, 0, 0, 0, 0, 0, 0, 0, 0, 0]
1734795504.9951334,708000,0.8059189915657043,720705,[-0.7176470756530762, -0.11372549086809158, -0.0, -0.0, 0.0, 0.4000000059604645],[0, 0, 0, 0, 0, 0, 0, 1, 0, 0, 0, 0, 0, 0, 0, 0, 0, 0]
1734795505.0949173,707529,0.0,697647,[-0.6078431606292725, -0.10588235408067703, -0.0, -0.0, 0.0, 0.3960784375667572],[0, 0, 0, 0, 0, 0, 0, 1, 0, 0, 0, 0, 0, 0, 0, 0, 0, 0]
1734795505.195546,707529,1.0456246137619019,661411,[-0.43529412150382996, -0.10588235408067703, -0.0, -0.0, 0.0, 0.3960784375667572],[0, 0, 0, 0, 0, 0, 0, 1, 0, 0, 0, 0, 0, 0, 0, 0, 0, 0]
1734795505.2950053,707529,4.04713773727417,560000,[-0.0, -0.0, -0.0, -0.0, 0.0, 0.3960784375667572],[0, 0, 0, 0, 0, 0, 0, 1, 0, 0, 0, 0, 0, 0, 0, 0, 0, 0]
1734795505.398613,707529,0.0,560000,[-0.0, -0.0, -0.0, -0.0, 0.0, 0.38823530077934265],[0, 0, 0, 0, 0, 0, 0, 1, 0, 0, 0, 0, 0, 0, 0, 0, 0, 0]
1734795505.4943202,707058,1.118781566619873,560000,[-0.0, -0.0, -0.0, -0.0, 0.0, 0.3921568691730499],[0, 0, 0, 0, 0, 0, 0, 1, 0, 0, 0, 0, 0, 0, 0, 0, 0, 0]
1734795505.5952852,706588,1.3591655492782593,560000,[-0.0, -0.0, -0.0, -0.0, 0.0, 0.38823530077934265],[0, 0, 0, 0, 0, 0, 0, 1, 0, 0, 0, 0, 0, 0, 0, 0, 0, 0]
1734795505.6970496,706588,0.0,560000,[-0.0, -0.0, -0.0, -0.0, 0.0, 0.3803921639919281],[0, 0, 0, 0, 0, 0, 0, 1, 0, 0, 0, 0, 0, 0, 0, 0, 0, 0]
1734795505.8827271,705647,1.3027411699295044,560000,[-0.0, -0.0, -0.0, -0.0, 0.0, 0.3764705955982208],[0, 0, 0, 0, 0, 0, 0, 1, 0, 0, 0, 0, 0, 0, 0, 0, 0, 0]
1734795505.9432402,705176,0.0,560000,[-0.0, -0.0, -0.0, -0.0, 0.0, 0.3843137323856354],[0, 0, 0, 0, 0, 0, 0, 1, 0, 0, 0, 0, 0, 0, 0, 0, 0, 0]
1734795506.0119236,704705,1.3181794881820679,560000,[-0.0, -0.0, -0.0, -0.0, 0.0, 0.37254902720451355],[0, 0, 0, 0, 0, 0, 0, 1, 0, 0, 0, 0, 0, 0, 0, 0, 0, 0]
1734795506.0960388,704705,1.3048999309539795,560000,[-0.0, -0.0, -0.0, -0.0, 0.0, 0.37254902720451355],[0, 0, 0, 0, 0, 0, 0, 1, 0, 0, 0, 0, 0, 0, 0, 0, 0, 0]
1734795506.195511,705176,1.329583764076233,560000,[-0.0, -0.0, -0.0, -0.0, 0.0, 0.3764705955982208],[0, 0, 0, 0, 0, 0, 0, 1, 0, 0, 0, 0, 0, 0, 0, 0, 0, 0]
1734795506.493459,705176,0.0,560000,[-0.0, -0.0, -0.0, -0.0, 0.0, 0.37254902720451355],[0, 0, 0, 0, 0, 0, 0, 1, 0, 0, 0, 0, 0, 0, 0, 0, 0, 0]
1734795506.506447,705176,1.0936418771743774,560000,[-0.0, -0.0, -0.0, -0.0, 0.0, 0.3764705955982208],[0, 0, 0, 0, 0, 0, 0, 1, 0, 0, 0, 0, 0, 0, 0, 0, 0, 0]
1734795506.596424,705176,0.0,560000,[-0.0, -0.0, -0.0, -0.0, 0.0, 0.3764705955982208],[0, 0, 0, 0, 0, 0, 0, 1, 0, 0, 0, 0, 0, 0, 0, 0, 0, 0]
1734795506.6951976,705176,1.0757814645767212,560000,[-0.0, -0.0, -0.0, -0.0, 0.0, 0.3764705955982208],[0, 0, 0, 0, 0, 0, 0, 1, 0, 0, 0, 0, 0, 0, 0, 0, 0, 0]
1734795506.7943995,705647,0.0,560000,[-0.0, -0.0, -0.0, -0.0, 0.0, 0.3803921639919281],[0, 0, 0, 0, 0, 0, 0, 1, 0, 0, 0, 0, 0, 0, 0, 0, 0, 0]
1734795506.95254,705647,0.0,560000,[-0.0, -0.0, -0.0, -0.0, 0.0, 0.3843137323856354],[0, 0, 0, 0, 0, 0, 0, 1, 0, 0, 0, 0, 0, 0, 0, 0, 0, 0]
1734795507.021888,706117,1.0741543769836426,560000,[-0.0, -0.0, -0.0, -0.0, 0.0, 0.38823530077934265],[0, 0, 0, 0, 0, 0, 0, 1, 0, 0, 0, 0, 0, 0, 0, 0, 0, 0]
1734795507.0968556,706588,1.0571237802505493,560000,[-0.0, -0.0, -0.0, -0.0, 0.0, 0.3921568691730499],[0, 0, 0, 0, 0, 0, 0, 1, 0, 0, 0, 0, 0, 0, 0, 0, 0, 0]
1734795507.195628,707529,0.0,560000,[-0.0, -0.0, -0.0, -0.0, 0.0, 0.3960784375667572],[0, 0, 0, 0, 0, 0, 0, 1, 0, 0, 0, 0, 0, 0, 0, 0, 0, 0]
1734795507.2958348,707529,0.0,560000,[-0.0, -0.0, -0.0, -0.0, 0.0, 0.3960784375667572],[0, 0, 0, 0, 0, 0, 0, 1, 0, 0, 0, 0, 0, 0, 0, 0, 0, 0]
1734795507.7410872,707529,1.3900195360183716,560000,[-0.0, -0.0, -0.0, -0.0, 0.0, 0.4000000059604645],[0, 0, 0, 0, 0, 0, 0, 1, 0, 0, 0, 0, 0, 0, 0, 0, 0, 0]
1734795507.7956479,708000,1.4279769659042358,560000,[-0.0, -0.0, -0.0, -0.0, 0.0, 0.4000000059604645],[0, 0, 0, 0, 0, 0, 0, 1, 0, 0, 0, 0, 0, 0, 0, 0, 0, 0]
1734795507.8948379,707529,0.0,560000,[-0.0, -0.0, -0.0, -0.0, 0.0, 0.3960784375667572],[0, 0, 0, 0, 0, 0, 0, 1, 0, 0, 0, 0, 0, 0, 0, 0, 0, 0]
1734795507.996739,707529,1.5285462141036987,635058,[-0.3333333432674408, -0.0, -0.0, -0.0, 0.0, 0.3960784375667572],[0, 0, 0, 0, 0, 0, 0, 1, 0, 0, 0, 0, 0, 0, 0, 0, 0, 0]
1734795508.0953586,707529,1.6040115356445312,735529,[-0.7882353067398071, -0.0, -0.0, -0.0, 0.0, 0.3960784375667572],[0, 0, 0, 0, 0, 0, 0, 1, 0, 0, 0, 0, 0, 0, 0, 0, 0, 0]
1734795508.1947455,707529,1.5698587894439697,727294,[-0.7490196228027344, -0.0, -0.0, -0.0, 0.0, 0.3960784375667572],[0, 0, 0, 0, 0, 0, 0, 1, 0, 0, 0, 0, 0, 0, 0, 0, 0, 0]
1734795508.2947428,707529,1.5312302112579346,697647,[-0.6078431606292725, -0.0, -0.0, -0.0, 0.0, 0.3960784375667572],[0, 0, 0, 0, 0, 0, 0, 1, 0, 0, 0, 0, 0, 0, 0, 0, 0, 0]
1734795508.395384,707529,2.500352382659912,686117,[-0.5529412031173706, -0.0, -0.0, -0.0, 0.0, 0.3960784375667572],[0, 0, 0, 0, 0, 0, 0, 1, 0, 0, 0, 0, 0, 0, 0, 0, 0, 0]
1734795508.5098836,707529,1.460655689239502,686117,[-0.5607843399047852, -0.0, -0.0, -0.0, 0.0, 0.3960784375667572],[0, 0, 0, 0, 0, 0, 0, 1, 0, 0, 0, 0, 0, 0, 0, 0, 0, 0]
1734795508.5955737,707529,1.530348300933838,696000,[-0.6000000238418579, -0.0, -0.0, -0.0, 0.0, 0.3960784375667572],[0, 0, 0, 0, 0, 0, 0, 1, 0, 0, 0, 0, 0, 0, 0, 0, 0, 0]
1734795508.6956065,707529,1.4571590423583984,696000,[-0.6000000238418579, -0.0, -0.0, -0.0, 0.0, 0.3960784375667572],[0, 0, 0, 0, 0, 0, 0, 1, 0, 0, 0, 0, 0, 0, 0, 0, 0, 0]
1734795508.7956238,707529,0.0,696000,[-0.6000000238418579, -0.0, -0.0, -0.0, 0.0, 0.3960784375667572],[0, 0, 0, 0, 0, 0, 0, 1, 0, 0, 0, 0, 0, 0, 0, 0, 0, 0]
1734795508.914994,707529,1.4574605226516724,696000,[-0.6078431606292725, -0.0, -0.0, -0.0, 0.0, 0.3960784375667572],[0, 0, 0, 0, 0, 0, 0, 1, 0, 0, 0, 0, 0, 0, 0, 0, 0, 0]
1734795508.995428,707529,1.458876132965088,719058,[-0.7098039388656616, -0.0, -0.0, -0.0, 0.0, 0.3960784375667572],[0, 0, 0, 0, 0, 0, 0, 1, 0, 0, 0, 0, 0, 0, 0, 0, 0, 0]
1734795509.0959332,707058,0.0,724000,[-0.7333333492279053, -0.0, -0.0, -0.0, 0.0, 0.3921568691730499],[0, 0, 0, 0, 0, 0, 0, 1, 0, 0, 0, 0, 0, 0, 0, 0, 0, 0]
1734795509.1961553,707058,1.3572951555252075,719058,[-0.7019608020782471, -0.0, -0.0, -0.0, 0.0, 0.3921568691730499],[0, 0, 0, 0, 0, 0, 0, 1, 0, 0, 0, 0, 0, 0, 0, 0, 0, 0]
1734795509.2950556,707058,1.2683697938919067,715764,[-0.6941176652908325, -0.0, -0.0, -0.0, 0.0, 0.3921568691730499],[0, 0, 0, 0, 0, 0, 0, 1, 0, 0, 0, 0, 0, 0, 0, 0, 0, 0]
1734795509.397227,707529,0.0,682823,[-0.5215686559677124, -0.0, -0.0, -0.0, 0.0, 0.3960784375667572],[0, 0, 0, 0, 0, 0, 0, 1, 0, 0, 0, 0, 0, 0, 0, 0, 0, 0]
1734795509.494755,707529,1.177526593208313,560000,[-0.0, -0.0, -0.0, -0.0, 0.0, 0.3960784375667572],[0, 0, 0, 0, 0, 0, 0, 1, 0, 0, 0, 0, 0, 0, 0, 0, 0, 0]
1734795509.5958426,707529,0.0,560000,[-0.0, -0.0, -0.0, -0.0, 0.0, 0.3960784375667572],[0, 0, 0, 0, 0, 0, 0, 1, 0, 0, 0, 0, 0, 0, 0, 0, 0, 0]
1734795509.7268279,707529,1.2502326965332031,560000,[-0.0, -0.0, -0.0, -0.0, 0.0, 0.4000000059604645],[0, 0, 0, 0, 0, 0, 0, 1, 0, 0, 0, 0, 0, 0, 0, 0, 0, 0]
1734795509.7959886,708000,0.0,560000,[-0.0, -0.0, -0.0, -0.0, 0.0, 0.4000000059604645],[0, 0, 0, 0, 0, 0, 0, 1, 0, 0, 0, 0, 0, 0, 0, 0, 0, 0]
1734795509.8965945,707529,1.27366042137146,560000,[-0.0, -0.0, -0.0, -0.0, 0.0, 0.4000000059604645],[0, 0, 0, 0, 0, 0, 0, 1, 0, 0, 0, 0, 0, 0, 0, 0, 0, 0]
1734795509.997577,708000,1.3043502569198608,560000,[-0.0, -0.0, -0.0, -0.0, 0.0, 0.3960784375667572],[0, 0, 0, 0, 0, 0, 0, 1, 0, 0, 0, 0, 0, 0, 0, 0, 0, 0]
1734795510.0951426,707529,1.2752554416656494,560000,[-0.0, -0.0, -0.0, -0.0, 0.0, 0.3960784375667572],[0, 0, 0, 0, 0, 0, 0, 1, 0, 0, 0, 0, 0, 0, 0, 0, 0, 0]
1734795510.1961102,708000,1.3295658826828003,560000,[-0.0, -0.0, -0.0, -0.0, 0.0, 0.4000000059604645],[0, 0, 0, 0, 0, 0, 0, 1, 0, 0, 0, 0, 0, 0, 0, 0, 0, 0]
1734795510.2956543,708000,1.391300082206726,560000,[-0.0, -0.0, -0.0, -0.0, 0.0, 0.4000000059604645],[0, 0, 0, 0, 0, 0, 0, 1, 0, 0, 0, 0, 0, 0, 0, 0, 0, 0]
1734795510.3959486,708000,0.0,560000,[-0.0, -0.0, -0.0, -0.0, 0.0, 0.4000000059604645],[0, 0, 0, 0, 0, 0, 0, 1, 0, 0, 0, 0, 0, 0, 0, 0, 0, 0]
1734795510.4957266,708000,1.4236623048782349,560000,[-0.0, -0.0, -0.0, -0.0, 0.0, 0.4000000059604645],[0, 0, 0, 0, 0, 0, 0, 1, 0, 0, 0, 0, 0, 0, 0, 0, 0, 0]
1734795510.5950332,708000,1.4575632810592651,560000,[-0.0, -0.0, -0.0, -0.0, 0.0, 0.4000000059604645],[0, 0, 0, 0, 0, 0, 0, 1, 0, 0, 0, 0, 0, 0, 0, 0, 0, 0]
1734795510.753479,708000,1.609994888305664,560000,[-0.0, -0.0, -0.0, -0.0, 0.0, 0.3960784375667572],[0, 0, 0, 0, 0, 0, 0, 1, 0, 0, 0, 0, 0, 0, 0, 0, 0, 0]
1734795510.8395295,707529,0.0,560000,[-0.13725490868091583, -0.0, -0.0, -0.0, 0.0, 0.3960784375667572],[0, 0, 0, 0, 0, 0, 0, 1, 0, 0, 0, 0, 0, 0, 0, 0, 0, 0]
1734795510.895616,707529,1.5857878923416138,620235,[-0.239215686917305, -0.0, -0.0, -0.0, 0.0, 0.3960784375667572],[0, 0, 0, 0, 0, 0, 0, 1, 0, 0, 0, 0, 0, 0, 0, 0, 0, 0]
1734795510.9953315,707529,1.529167652130127,646588,[-0.364705890417099, -0.0, -0.0, -0.0, 0.0, 0.3960784375667572],[0, 0, 0, 0, 0, 0, 0, 1, 0, 0, 0, 0, 0, 0, 0, 0, 0, 0]
1734795511.0962982,705647,1.4946521520614624,677882,[-0.5137255191802979, -0.0, -0.0, -0.0, 0.0, 0.3803921639919281],[0, 0, 0, 0, 0, 0, 0, 1, 0, 0, 0, 0, 0, 0, 0, 0, 0, 0]
1734795511.1948025,705647,0.0,679529,[-0.5215686559677124, -0.0, -0.0, -0.0, 0.0, 0.3803921639919281],[0, 0, 0, 0, 0, 0, 0, 1, 0, 0, 0, 0, 0, 0, 0, 0, 0, 0]
1734795511.2975495,705647,0.0,669647,[-0.46666666865348816, -0.0, -0.0, -0.0, 0.0, 0.3803921639919281],[0, 0, 0, 0, 0, 0, 0, 1, 0, 0, 0, 0, 0, 0, 0, 0, 0, 0]
1734795511.395687,705647,1.3632358312606812,668000,[-0.46666666865348816, -0.0, -0.0, -0.0, 0.0, 0.3803921639919281],[0, 0, 0, 0, 0, 0, 0, 1, 0, 0, 0, 0, 0, 0, 0, 0, 0, 0]
1734795511.4972029,706117,0.0,668000,[-0.46666666865348816, -0.0, -0.0, -0.0, 0.0, 0.3803921639919281],[0, 0, 0, 0, 0, 0, 0, 1, 0, 0, 0, 0, 0, 0, 0, 0, 0, 0]
1734795511.594377,705647,1.1330735683441162,635058,[-0.30980393290519714, -0.0, -0.0, -0.0, 0.0, 0.3803921639919281],[0, 0, 0, 0, 0, 0, 0, 1, 0, 0, 0, 0, 0, 0, 0, 0, 0, 0]
1734795511.695325,705647,0.0,620235,[-0.239215686917305, -0.0, -0.0, -0.0, 0.0, 0.3803921639919281],[0, 0, 0, 0, 0, 0, 0, 1, 0, 0, 0, 0, 0, 0, 0, 0, 0, 0]
1734795511.7961957,706117,1.076784610748291,560000,[-0.0, -0.0, -0.0, -0.0, 0.0, 0.3843137323856354],[0, 0, 0, 0, 0, 0, 0, 1, 0, 0, 0, 0, 0, 0, 0, 0, 0, 0]
1734795511.8970542,706588,1.0383540391921997,560000,[-0.0, -0.0, -0.0, -0.0, 0.0, 0.38823530077934265],[0, 0, 0, 0, 0, 0, 0, 1, 0, 0, 0, 0, 0, 0, 0, 0, 0, 0]
1734795511.9993668,707058,0.0,560000,[-0.0, -0.0, -0.0, -0.0, 0.0, 0.3921568691730499],[0, 0, 0, 0, 0, 0, 0, 1, 0, 0, 0, 0, 0, 0, 0, 0, 0, 0]
1734795512.095701,707058,1.0688585042953491,560000,[-0.0, -0.0, -0.0, -0.0, 0.0, 0.3921568691730499],[0, 0, 0, 0, 0, 0, 0, 1, 0, 0, 0, 0, 0, 0, 0, 0, 0, 0]
1734795512.1957052,707058,0.0,560000,[-0.0, -0.0, -0.0, -0.0, 0.0, 0.3921568691730499],[0, 0, 0, 0, 0, 0, 0, 1, 0, 0, 0, 0, 0, 0, 0, 0, 0, 0]
1734795512.2968893,707529,1.073535442352295,560000,[-0.0, -0.0, -0.0, -0.0, 0.0, 0.3960784375667572],[0, 0, 0, 0, 0, 0, 0, 1, 0, 0, 0, 0, 0, 0, 0, 0, 0, 0]
1734795512.3965588,708941,0.0,560000,[-0.0, -0.0, -0.0, -0.0, 0.0, 0.40784314274787903],[0, 0, 0, 0, 0, 0, 0, 1, 0, 0, 0, 0, 0, 0, 0, 0, 0, 0]
1734795512.4968572,708941,1.1562883853912354,676235,[-0.5058823823928833, -0.0, -0.0, -0.0, 0.0, 0.40784314274787903],[0, 0, 0, 0, 0, 0, 0, 1, 0, 0, 0, 0, 0, 0, 0, 0, 0, 0]
1734795512.596617,709411,0.0,641647,[-0.34117648005485535, -0.0, -0.0, -0.0, 0.0, 0.40784314274787903],[0, 0, 0, 0, 0, 0, 0, 1, 0, 0, 0, 0, 0, 0, 0, 0, 0, 0]
1734795512.69568,710352,1.3036020994186401,560000,[-0.0, -0.0, -0.0, -0.0, 0.0, 0.41960784792900085],[0, 0, 0, 0, 0, 0, 0, 1, 0, 0, 0, 0, 0, 0, 0, 0, 0, 0]
1734795512.7954612,710823,1.3032530546188354,560000,[-0.0, -0.0, -0.0, -0.0, 0.0, 0.41960784792900085],[0, 0, 0, 0, 0, 0, 0, 1, 0, 0, 0, 0, 0, 0, 0, 0, 0, 0]
1734795512.8958771,710823,1.3017514944076538,560000,[-0.0, -0.0, -0.0, -0.0, 0.0, 0.42352941632270813],[0, 0, 0, 0, 0, 0, 0, 1, 0, 0, 0, 0, 0, 0, 0, 0, 0, 0]
1734795512.9958441,710823,1.4245144128799438,560000,[-0.0, -0.0, -0.0, -0.0, 0.0, 0.42352941632270813],[0, 0, 0, 0, 0, 0, 0, 1, 0, 0, 0, 0, 0, 0, 0, 0, 0, 0]
1734795513.0950682,711294,1.7015265226364136,560000,[-0.0, -0.0, -0.0, -0.0, 0.0, 0.4274509847164154],[0, 0, 0, 0, 0, 0, 0, 1, 0, 0, 0, 0, 0, 0, 0, 0, 0, 0]
1734795513.1955662,710823,1.858373999595642,560000,[-0.0, -0.0, -0.0, -0.0, 0.0, 0.42352941632270813],[0, 0, 0, 0, 0, 0, 0, 1, 0, 0, 0, 0, 0, 0, 0, 0, 0, 0]
1734795513.2951562,711294,1.8551396131515503,560000,[-0.0, -0.0, -0.0, -0.0, 0.0, 0.4274509847164154],[0, 0, 0, 0, 0, 0, 0, 1, 0, 0, 0, 0, 0, 0, 0, 0, 0, 0]
1734795513.3947468,711294,1.905922293663025,560000,[-0.0, -0.0, -0.0, -0.0, 0.0, 0.4274509847164154],[0, 0, 0, 0, 0, 0, 0, 1, 0, 0, 0, 0, 0, 0, 0, 0, 0, 0]
1734795513.4951806,711294,1.9804940223693848,560000,[-0.0, -0.0, -0.0, -0.0, 0.0, 0.4274509847164154],[0, 0, 0, 0, 0, 0, 0, 1, 0, 0, 0, 0, 0, 0, 0, 0, 0, 0]
1734795513.59625,712235,2.1933553218841553,560000,[-0.0, -0.0, -0.0, -0.0, 0.0, 0.43529412150382996],[0, 0, 0, 0, 0, 0, 0, 1, 0, 0, 0, 0, 0, 0, 0, 0, 0, 0]
1734795513.6979153,711294,2.187809944152832,560000,[-0.0, -0.0, -0.0, -0.0, 0.0, 0.4313725531101227],[0, 0, 0, 0, 0, 0, 0, 1, 0, 0, 0, 0, 0, 0, 0, 0, 0, 0]
1734795513.7953482,712235,2.268275737762451,560000,[-0.0, -0.0, -0.0, -0.0, 0.0, 0.43529412150382996],[0, 0, 0, 0, 0, 0, 0, 1, 0, 0, 0, 0, 0, 0, 0, 0, 0, 0]
1734795513.8946154,711294,2.464980125427246,560000,[-0.0, -0.0, -0.0, -0.0, 0.0, 0.4274509847164154],[0, 0, 0, 0, 0, 0, 0, 1, 0, 0, 0, 0, 0, 0, 0, 0, 0, 0]
1734795513.9979875,711294,2.4536736011505127,560000,[-0.0, -0.0, -0.0, -0.0, 0.0, 0.42352941632270813],[0, 0, 0, 0, 0, 0, 0, 1, 0, 0, 0, 0, 0, 0, 0, 0, 0, 0]
1734795514.0963173,710823,3.7220065593719482,560000,[-0.0, -0.0, -0.0, -0.0, 0.0, 0.42352941632270813],[0, 0, 0, 0, 0, 0, 0, 1, 0, 0, 0, 0, 0, 0, 0, 0, 0, 0]
1734795514.195188,711294,2.5433690547943115,560000,[-0.0, -0.0, -0.0, -0.0, 0.0, 0.4274509847164154],[0, 0, 0, 0, 0, 0, 0, 1, 0, 0, 0, 0, 0, 0, 0, 0, 0, 0]
1734795514.2943249,710823,2.6445162296295166,560000,[-0.0, -0.0, -0.0, -0.0, 0.0, 0.42352941632270813],[0, 0, 0, 0, 0, 0, 0, 1, 0, 0, 0, 0, 0, 0, 0, 0, 0, 0]
1734795514.3941143,710352,2.4490034580230713,560000,[-0.0, -0.0, -0.0, -0.0, 0.0, 0.41960784792900085],[0, 0, 0, 0, 0, 0, 0, 1, 0, 0, 0, 0, 0, 0, 0, 0, 0, 0]
1734795514.4955413,710352,2.6578829288482666,560000,[-0.0, -0.0, -0.0, -0.0, 0.0, 0.41960784792900085],[0, 0, 0, 0, 0, 0, 0, 1, 0, 0, 0, 0, 0, 0, 0, 0, 0, 0]
1734795514.5967734,710352,2.6189124584198,560000,[-0.0, -0.0, -0.0, -0.0, 0.0, 0.41960784792900085],[0, 0, 0, 0, 0, 0, 0, 1, 0, 0, 0, 0, 0, 0, 0, 0, 0, 0]
1734795514.694238,710352,2.701643943786621,560000,[-0.0, -0.0, -0.0, -0.0, 0.0, 0.41960784792900085],[0, 0, 0, 0, 0, 0, 0, 1, 0, 0, 0, 0, 0, 0, 0, 0, 0, 0]
1734795514.7976243,710352,5.625786304473877,560000,[-0.0, -0.0, -0.0, -0.0, 0.0, 0.41960784792900085],[0, 0, 0, 0, 0, 0, 0, 1, 0, 0, 0, 0, 0, 0, 0, 0, 0, 0]
1734795514.8951871,710352,2.6037776470184326,560000,[-0.0, -0.0, -0.0, -0.0, 0.0, 0.41960784792900085],[0, 0, 0, 0, 0, 0, 0, 1, 0, 0, 0, 0, 0, 0, 0, 0, 0, 0]
1734795514.9950519,709882,2.7175452709198,560000,[-0.0, -0.0, -0.0, -0.0, 0.0, 0.4156862795352936],[0, 0, 0, 0, 0, 0, 0, 1, 0, 0, 0, 0, 0, 0, 0, 0, 0, 0]
1734795515.09577,709882,2.6771135330200195,560000,[-0.0, -0.0, -0.0, -0.0, 0.0, 0.4156862795352936],[0, 0, 0, 0, 0, 0, 0, 1, 0, 0, 0, 0, 0, 0, 0, 0, 0, 0]
1734795515.1955302,709882,2.424356698989868,560000,[-0.0, -0.0, -0.0, -0.0, 0.0, 0.4156862795352936],[0, 0, 0, 0, 0, 0, 0, 1, 0, 0, 0, 0, 0, 0, 0, 0, 0, 0]
1734795515.2953649,708941,2.555177927017212,560000,[-0.0, -0.0, -0.0, -0.0, 0.0, 0.40784314274787903],[0, 0, 0, 0, 0, 0, 0, 1, 0, 0, 0, 0, 0, 0, 0, 0, 0, 0]
1734795515.397312,708470,2.4542152881622314,560000,[-0.0, -0.0, -0.0, -0.0, 0.0, 0.40392157435417175],[0, 0, 0, 0, 0, 0, 0, 1, 0, 0, 0, 0, 0, 0, 0, 0, 0, 0]
1734795515.495809,708000,2.433468818664551,560000,[-0.0, -0.0, -0.0, -0.0, 0.0, 0.4000000059604645],[0, 0, 0, 0, 0, 0, 0, 1, 0, 0, 0, 0, 0, 0, 0, 0, 0, 0]
1734795515.5957172,708470,2.3353970050811768,560000,[-0.0, -0.0, -0.0, -0.0, 0.0, 0.40392157435417175],[0, 0, 0, 0, 0, 0, 0, 1, 0, 0, 0, 0, 0, 0, 0, 0, 0, 0]
1734795515.6958246,708470,2.350208044052124,560000,[-0.0, -0.0, -0.0, -0.0, 0.0, 0.40392157435417175],[0, 0, 0, 0, 0, 0, 0, 1, 0, 0, 0, 0, 0, 0, 0, 0, 0, 0]
1734795515.7961254,708470,2.2661261558532715,560000,[-0.0, -0.0, -0.0, -0.0, 0.0, 0.40392157435417175],[0, 0, 0, 0, 0, 0, 0, 1, 0, 0, 0, 0, 0, 0, 0, 0, 0, 0]
1734795515.8955045,708470,2.0923256874084473,560000,[-0.0, -0.0, -0.0, -0.0, 0.0, 0.40392157435417175],[0, 0, 0, 0, 0, 0, 0, 1, 0, 0, 0, 0, 0, 0, 0, 0, 0, 0]
1734795516.0104072,708470,2.112532138824463,560000,[-0.13725490868091583, -0.0, -0.0, -0.0, 0.0, 0.40784314274787903],[0, 0, 0, 0, 0, 0, 0, 1, 0, 0, 0, 0, 0, 0, 0, 0, 0, 0]
1734795516.0996475,708941,2.0393149852752686,640000,[-0.34117648005485535, -0.0, -0.0, -0.0, 0.0, 0.40392157435417175],[0, 0, 0, 0, 0, 0, 0, 1, 0, 0, 0, 0, 0, 0, 0, 0, 0, 0]
1734795516.1950529,708470,1.977457880973816,679529,[-0.5215686559677124, -0.0, -0.0, -0.0, 0.0, 0.40392157435417175],[0, 0, 0, 0, 0, 0, 0, 1, 0, 0, 0, 0, 0, 0, 0, 0, 0, 0]
1734795516.2947183,708470,1.910386562347412,687764,[-0.5607843399047852, -0.0, -0.0, -0.0, 0.0, 0.40392157435417175],[0, 0, 0, 0, 0, 0, 0, 1, 0, 0, 0, 0, 0, 0, 0, 0, 0, 0]
1734795516.3987322,708470,1.8766626119613647,687764,[-0.5607843399047852, -0.0, -0.0, -0.0, 0.0, 0.40784314274787903],[0, 0, 0, 0, 0, 0, 0, 1, 0, 0, 0, 0, 0, 0, 0, 0, 0, 0]
1734795516.4948044,708941,1.9773905277252197,689411,[-0.5686274766921997, -0.0, -0.0, -0.0, 0.0, 0.40784314274787903],[0, 0, 0, 0, 0, 0, 0, 1, 0, 0, 0, 0, 0, 0, 0, 0, 0, 0]
1734795516.594346,709411,1.749263882637024,692705,[-0.5843137502670288, -0.0, -0.0, -0.0, 0.0, 0.4117647111415863],[0, 0, 0, 0, 0, 0, 0, 1, 0, 0, 0, 0, 0, 0, 0, 0, 0, 0]
1734795516.6960332,709411,1.7002619504928589,692705,[-0.5843137502670288, -0.0, -0.0, -0.0, 0.0, 0.4117647111415863],[0, 0, 0, 0, 0, 0, 0, 1, 0, 0, 0, 0, 0, 0, 0, 0, 0, 0]
1734795516.7944672,709411,1.8573817014694214,682823,[-0.5372549295425415, -0.0, -0.0, -0.0, 0.0, 0.4117647111415863],[0, 0, 0, 0, 0, 0, 0, 1, 0, 0, 0, 0, 0, 0, 0, 0, 0, 0]
1734795516.8961008,708941,2.7857494354248047,560000,[-0.0, -0.0, -0.0, -0.0, 0.0, 0.4117647111415863],[0, 0, 0, 0, 0, 0, 0, 1, 0, 0, 0, 0, 0, 0, 0, 0, 0, 0]
1734795516.9947352,709411,2.669370174407959,560000,[-0.0, -0.0, -0.0, -0.0, 0.0, 0.4117647111415863],[0, 0, 0, 0, 0, 0, 0, 1, 0, 0, 0, 0, 0, 0, 0, 0, 0, 0]
1734795517.0947742,709411,1.701494574546814,560000,[-0.0, -0.0, -0.0, -0.0, 0.0, 0.4117647111415863],[0, 0, 0, 0, 0, 0, 0, 1, 0, 0, 0, 0, 0, 0, 0, 0, 0, 0]
1734795517.194983,710352,1.8535726070404053,560000,[-0.0, -0.0, -0.0, -0.0, 0.0, 0.41960784792900085],[0, 0, 0, 0, 0, 0, 0, 1, 0, 0, 0, 0, 0, 0, 0, 0, 0, 0]
1734795517.2950096,710352,1.9634779691696167,560000,[-0.0, -0.0, -0.0, -0.0, 0.0, 0.41960784792900085],[0, 0, 0, 0, 0, 0, 0, 1, 0, 0, 0, 0, 0, 0, 0, 0, 0, 0]
1734795517.397552,711294,1.9132531881332397,719058,[-0.7176470756530762, -0.0, -0.0, -0.0, 0.0, 0.4274509847164154],[0, 0, 0, 0, 0, 0, 0, 1, 0, 0, 0, 0, 0, 0, 0, 0, 0, 0]
1734795517.49423,711764,1.9699931144714355,730588,[-0.7647058963775635, -0.0, -0.0, -0.0, 0.0, 0.4313725531101227],[0, 0, 0, 0, 0, 0, 0, 1, 0, 0, 0, 0, 0, 0, 0, 0, 0, 0]
1734795517.5952427,711294,2.0447466373443604,727294,[-0.7490196228027344, -0.0, -0.0, -0.0, 0.0, 0.4274509847164154],[0, 0, 0, 0, 0, 0, 0, 1, 0, 0, 0, 0, 0, 0, 0, 0, 0, 0]
1734795517.6950436,711764,2.037787437438965,717411,[-0.7019608020782471, -0.0, -0.0, -0.0, 0.0, 0.4313725531101227],[0, 0, 0, 0, 0, 0, 0, 1, 0, 0, 0, 0, 0, 0, 0, 0, 0, 0]
1734795517.7947829,710823,2.840276002883911,697647,[-0.6078431606292725, -0.0, -0.0, -0.0, 0.0, 0.42352941632270813],[0, 0, 0, 0, 0, 0, 0, 1, 0, 0, 0, 0, 0, 0, 0, 0, 0, 0]
1734795517.8949332,710352,3.236112117767334,697647,[-0.6078431606292725, -0.0, -0.0, -0.0, 0.0, 0.41960784792900085],[0, 0, 0, 0, 0, 0, 0, 1, 0, 0, 0, 0, 0, 0, 0, 0, 0, 0]
1734795517.9959633,709882,2.1094679832458496,658117,[-0.41960784792900085, -0.0, -0.0, -0.0, 0.0, 0.4156862795352936],[0, 0, 0, 0, 0, 0, 0, 1, 0, 0, 0, 0, 0, 0, 0, 0, 0, 0]
1734795518.0943568,710823,2.074751615524292,560000,[-0.0, -0.0, -0.0, -0.0, 0.0, 0.42352941632270813],[0, 0, 0, 0, 0, 0, 0, 1, 0, 0, 0, 0, 0, 0, 0, 0, 0, 0]
1734795518.1963582,710352,2.04060697555542,560000,[-0.0, -0.0, -0.0, -0.0, 0.0, 0.41960784792900085],[0, 0, 0, 0, 0, 0, 0, 1, 0, 0, 0, 0, 0, 0, 0, 0, 0, 0]
1734795518.3524776,710352,2.2698781490325928,560000,[-0.0, -0.0, -0.0, -0.0, 0.0, 0.4156862795352936],[0, 0, 0, 0, 0, 0, 0, 1, 0, 0, 0, 0, 0, 0, 0, 0, 0, 0]
1734795518.4012344,710823,2.3080666065216064,560000,[-0.0, -0.0, -0.0, -0.0, 0.0, 0.41960784792900085],[0, 0, 0, 0, 0, 0, 0, 1, 0, 0, 0, 0, 0, 0, 0, 0, 0, 0]
1734795518.494623,710352,2.203441858291626,560000,[-0.0, -0.0, -0.0, -0.0, 0.0, 0.41960784792900085],[0, 0, 0, 0, 0, 0, 0, 1, 0, 0, 0, 0, 0, 0, 0, 0, 0, 0]
1734795518.5957177,708941,2.1705408096313477,602117,[-0.15294118225574493, -0.0, -0.0, -0.0, 0.0, 0.40784314274787903],[0, 0, 0, 0, 0, 0, 0, 1, 0, 0, 0, 0, 0, 0, 0, 0, 0, 0]
1734795518.6950293,708941,2.2733964920043945,631764,[-0.29411765933036804, -0.0, -0.0, -0.0, 0.0, 0.40784314274787903],[0, 0, 0, 0, 0, 0, 0, 1, 0, 0, 0, 0, 0, 0, 0, 0, 0, 0]
1734795518.7948277,709411,2.2029004096984863,658117,[-0.41960784792900085, -0.0, -0.0, -0.0, 0.0, 0.4117647111415863],[0, 0, 0, 0, 0, 0, 0, 1, 0, 0, 0, 0, 0, 0, 0, 0, 0, 0]
1734795518.8960834,709882,2.1854727268218994,724000,[-0.7333333492279053, -0.0, -0.0, -0.0, 0.0, 0.4156862795352936],[0, 0, 0, 0, 0, 0, 0, 1, 0, 0, 0, 0, 0, 0, 0, 0, 0, 0]
1734795518.9948988,709882,2.1879401206970215,724000,[-0.7333333492279053, -0.0, -0.0, -0.0, 0.0, 0.4156862795352936],[0, 0, 0, 0, 0, 0, 0, 1, 0, 0, 0, 0, 0, 0, 0, 0, 0, 0]
1734795519.0976787,709411,2.116013765335083,668000,[-0.38823530077934265, -0.0, -0.0, -0.0, 0.0, 0.4117647111415863],[0, 0, 0, 0, 0, 0, 0, 1, 0, 0, 0, 0, 0, 0, 0, 0, 0, 0]
1734795519.1949873,709411,1.9165570735931396,640000,[-0.3333333432674408, -0.0, -0.0, -0.0, 0.0, 0.4117647111415863],[0, 0, 0, 0, 0, 0, 0, 1, 0, 0, 0, 0, 0, 0, 0, 0, 0, 0]
1734795519.2955537,707529,1.8042525053024292,699294,[-0.615686297416687, -0.0, -0.0, -0.0, 0.0, 0.3960784375667572],[0, 0, 0, 0, 0, 0, 0, 1, 0, 0, 0, 0, 0, 0, 0, 0, 0, 0]
1734795519.3979533,708000,1.9788466691970825,672941,[-0.30980393290519714, -0.0, -0.0, -0.0, 0.0, 0.4000000059604645],[0, 0, 0, 0, 0, 0, 0, 1, 0, 0, 0, 0, 0, 0, 0, 0, 0, 0]
1734795519.495061,708941,1.9069836139678955,560000,[-0.0, -0.0, -0.0, -0.0, 0.0, 0.40784314274787903],[0, 0, 0, 0, 0, 0, 0, 1, 0, 0, 0, 0, 0, 0, 0, 0, 0, 0]
1734795519.5971043,706588,1.80005943775177,560000,[-0.0, -0.0, -0.0, -0.0, 0.0, 0.3921568691730499],[0, 0, 0, 0, 0, 0, 0, 1, 0, 0, 0, 0, 0, 0, 0, 0, 0, 0]
1734795519.6953855,706588,1.7479907274246216,560000,[-0.0, -0.0, -0.0, -0.0, 0.0, 0.38823530077934265],[0, 0, 0, 0, 0, 0, 0, 1, 0, 0, 0, 0, 0, 0, 0, 0, 0, 0]
1734795519.7951126,692000,1.7968201637268066,560000,[-0.0, -0.0, -0.0, -0.0, 0.0, 0.2666666805744171],[0, 0, 0, 0, 0, 0, 0, 1, 0, 0, 0, 0, 0, 0, 0, 0, 0, 0]
1734795519.8954184,660000,1.6939702033996582,560000,[-0.0, -0.0, -0.0, -0.0, 0.0, 0.0],[0, 0, 0, 0, 0, 0, 0, 0, 0, 0, 0, 0, 0, 0, 0, 0, 0, 0]
1734795525.8085234,660000,0.0,560000,[-0.0, -0.0, -0.0, -0.0, 0.0, 0.019607843831181526],[0, 0, 0, 0, 0, 0, 0, 1, 0, 0, 0, 0, 0, 0, 0, 0, 0, 0]
1734795525.8954628,668000,0.0,560000,[-0.0, -0.0, -0.0, -0.0, 0.0, 0.06666667014360428],[0, 0, 0, 0, 0, 0, 0, 1, 0, 0, 0, 0, 0, 0, 0, 0, 0, 0]
1734795525.9960501,682117,0.0,560000,[-0.0, -0.0, -0.0, -0.0, 0.0, 0.18431372940540314],[0, 0, 0, 0, 0, 0, 0, 1, 0, 0, 0, 0, 0, 0, 0, 0, 0, 0]
1734795526.09555,688705,0.0,524705,[0.21568627655506134, -0.0, -0.0, -0.0, 0.0, 0.239215686917305],[0, 0, 0, 0, 0, 0, 0, 1, 0, 0, 0, 0, 0, 0, 0, 0, 0, 0]
1734795526.194799,690588,0.0,524705,[0.21568627655506134, -0.0, -0.0, -0.0, 0.0, 0.2549019753932953],[0, 0, 0, 0, 0, 0, 0, 1, 0, 0, 0, 0, 0, 0, 0, 0, 0, 0]
1734795526.2948267,693882,0.0,560000,[-0.0, -0.0, -0.0, -0.0, 0.0, 0.2823529541492462],[0, 0, 0, 0, 0, 0, 0, 1, 0, 0, 0, 0, 0, 0, 0, 0, 0, 0]
1734795526.3950846,696705,0.0,560000,[-0.0, -0.0, -0.0, -0.0, 0.0, 0.30588236451148987],[0, 0, 0, 0, 0, 0, 0, 1, 0, 0, 0, 0, 0, 0, 0, 0, 0, 0]
1734795526.4952672,698117,0.0,560000,[-0.0, -0.0, -0.0, -0.0, 0.0, 0.3176470696926117],[0, 0, 0, 0, 0, 0, 0, 1, 0, 0, 0, 0, 0, 0, 0, 0, 0, 0]
1734795526.5955102,700000,0.0,560000,[-0.0, -0.0, -0.0, -0.0, 0.0, 0.3333333432674408],[0, 0, 0, 0, 0, 0, 0, 1, 0, 0, 0, 0, 0, 0, 0, 0, 0, 0]
1734795526.695248,702352,0.0,560000,[-0.0, -0.0, -0.0, -0.0, 0.0, 0.3529411852359772],[0, 0, 0, 0, 0, 0, 0, 1, 0, 0, 0, 0, 0, 0, 0, 0, 0, 0]
1734795526.7952487,704705,0.0,560000,[-0.0, -0.0, -0.0, -0.0, 0.0, 0.37254902720451355],[0, 0, 0, 0, 0, 0, 0, 1, 0, 0, 0, 0, 0, 0, 0, 0, 0, 0]
1734795526.8949158,707529,0.0,560000,[-0.0, -0.0, -0.0, -0.0, 0.0, 0.3960784375667572],[0, 0, 0, 0, 0, 0, 0, 1, 0, 0, 0, 0, 0, 0, 0, 0, 0, 0]
1734795526.994851,710352,0.0,560000,[-0.0, -0.0, -0.0, -0.0, 0.0, 0.41960784792900085],[0, 0, 0, 0, 0, 0, 0, 1, 0, 0, 0, 0, 0, 0, 0, 0, 0, 0]
1734795527.0971925,711764,0.0,560000,[-0.0, -0.0, -0.0, -0.0, 0.0, 0.4313725531101227],[0, 0, 0, 0, 0, 0, 0, 1, 0, 0, 0, 0, 0, 0, 0, 0, 0, 0]
1734795527.1962242,714117,0.0,560000,[-0.0, -0.0, -0.0, -0.0, 0.0, 0.45098039507865906],[0, 0, 0, 0, 0, 0, 0, 1, 0, 0, 0, 0, 0, 0, 0, 0, 0, 0]
1734795527.2959235,712235,0.0,560000,[-0.0, -0.0, -0.0, -0.0, 0.0, 0.43529412150382996],[0, 0, 0, 0, 0, 0, 0, 1, 0, 0, 0, 0, 0, 0, 0, 0, 0, 0]
1734795527.395244,704235,0.07774195075035095,560000,[-0.0, -0.0, -0.0, -0.0, 0.0, 0.3686274588108063],[0, 0, 0, 0, 0, 0, 0, 1, 0, 0, 0, 0, 0, 0, 0, 0, 0, 0]
1734795527.499543,704235,0.0,560000,[-0.0, -0.0, -0.0, -0.0, 0.0, 0.364705890417099],[0, 0, 0, 0, 0, 0, 0, 1, 0, 0, 0, 0, 0, 0, 0, 0, 0, 0]
1734795527.5955098,703294,0.0,560000,[-0.0, -0.0, -0.0, -0.0, 0.0, 0.3607843220233917],[0, 0, 0, 0, 0, 0, 0, 1, 0, 0, 0, 0, 0, 0, 0, 0, 0, 0]
1734795527.7135649,703294,0.0,560000,[-0.0, -0.0, -0.0, -0.0, 0.0, 0.364705890417099],[0, 0, 0, 0, 0, 0, 0, 1, 0, 0, 0, 0, 0, 0, 0, 0, 0, 0]
1734795527.7961118,703294,0.838309645652771,560000,[-0.0, -0.0, -0.0, -0.0, 0.0, 0.3607843220233917],[0, 0, 0, 0, 0, 0, 0, 1, 0, 0, 0, 0, 0, 0, 0, 0, 0, 0]
1734795527.8946116,703294,0.0,560000,[-0.0, -0.0, -0.0, -0.0, 0.0, 0.3607843220233917],[0, 0, 0, 0, 0, 0, 0, 1, 0, 0, 0, 0, 0, 0, 0, 0, 0, 0]
1734795528.152061,703294,0.0,560000,[-0.0, -0.0, -0.0, -0.0, 0.0, 0.364705890417099],[0, 0, 0, 0, 0, 0, 0, 1, 0, 0, 0, 0, 0, 0, 0, 0, 0, 0]
1734795528.2005293,704235,0.0,560000,[-0.0, -0.0, -0.0, -0.0, 0.0, 0.3686274588108063],[0, 0, 0, 0, 0, 0, 0, 1, 0, 0, 0, 0, 0, 0, 0, 0, 0, 0]
1734795528.294826,706588,0.0,560000,[-0.0, -0.0, -0.0, -0.0, 0.0, 0.38823530077934265],[0, 0, 0, 0, 0, 0, 0, 1, 0, 0, 0, 0, 0, 0, 0, 0, 0, 0]
1734795528.3944526,707529,0.0,560000,[-0.0, -0.0, -0.0, -0.0, 0.0, 0.3960784375667572],[0, 0, 0, 0, 0, 0, 0, 1, 0, 0, 0, 0, 0, 0, 0, 0, 0, 0]
1734795528.4956627,716941,0.0,560000,[-0.0, -0.0, -0.0, -0.0, 0.0, 0.4745098054409027],[0, 0, 0, 0, 0, 0, 0, 1, 0, 0, 0, 0, 0, 0, 0, 0, 0, 0]
1734795528.595038,714588,0.0,560000,[-0.0, -0.0, -0.0, -0.0, 0.0, 0.45490196347236633],[0, 0, 0, 0, 0, 0, 0, 1, 0, 0, 0, 0, 0, 0, 0, 0, 0, 0]
1734795528.6955984,714117,0.1806311160326004,560000,[-0.0, -0.0, -0.0, -0.0, 0.0, 0.45098039507865906],[0, 0, 0, 0, 0, 0, 0, 1, 0, 0, 0, 0, 0, 0, 0, 0, 0, 0]
1734795528.79491,711294,0.0,560000,[-0.0, -0.0, -0.0, -0.0, 0.0, 0.4274509847164154],[0, 0, 0, 0, 0, 0, 0, 1, 0, 0, 0, 0, 0, 0, 0, 0, 0, 0]
1734795528.8949773,708000,0.9445218443870544,560000,[-0.0, -0.0, -0.0, -0.0, 0.0, 0.4000000059604645],[0, 0, 0, 0, 0, 0, 0, 1, 0, 0, 0, 0, 0, 0, 0, 0, 0, 0]
1734795528.9946926,706588,0.0,560000,[-0.0, -0.0, -0.0, -0.0, 0.0, 0.38823530077934265],[0, 0, 0, 0, 0, 0, 0, 1, 0, 0, 0, 0, 0, 0, 0, 0, 0, 0]
1734795529.0972986,707058,1.4259856939315796,560000,[-0.0, -0.0, -0.0, -0.0, 0.0, 0.38823530077934265],[0, 0, 0, 0, 0, 0, 0, 1, 0, 0, 0, 0, 0, 0, 0, 0, 0, 0]
1734795529.1950057,706117,1.358615517616272,560000,[-0.0, -0.0, -0.0, -0.0, 0.0, 0.3843137323856354],[0, 0, 0, 0, 0, 0, 0, 1, 0, 0, 0, 0, 0, 0, 0, 0, 0, 0]
1734795529.295168,705647,1.789401888847351,612000,[-0.20000000298023224, -0.0, -0.0, -0.0, 0.0, 0.3803921639919281],[0, 0, 0, 0, 0, 0, 0, 1, 0, 0, 0, 0, 0, 0, 0, 0, 0, 0]
1734795529.3961062,705176,1.2513922452926636,560000,[-0.0, -0.0, -0.0, -0.0, 0.0, 0.3764705955982208],[0, 0, 0, 0, 0, 0, 0, 1, 0, 0, 0, 0, 0, 0, 0, 0, 0, 0]
1734795529.4955206,705176,1.2793536186218262,560000,[-0.0, -0.0, -0.0, -0.0, 0.0, 0.3764705955982208],[0, 0, 0, 0, 0, 0, 0, 1, 0, 0, 0, 0, 0, 0, 0, 0, 0, 0]
1734795529.59517,705647,0.0,560000,[-0.0, -0.0, -0.0, -0.0, 0.0, 0.3803921639919281],[0, 0, 0, 0, 0, 0, 0, 1, 0, 0, 0, 0, 0, 0, 0, 0, 0, 0]
1734795529.696503,705647,1.1977221965789795,560000,[-0.0, -0.0, -0.0, -0.0, 0.0, 0.3803921639919281],[0, 0, 0, 0, 0, 0, 0, 1, 0, 0, 0, 0, 0, 0, 0, 0, 0, 0]
1734795529.7961211,705647,0.0,668000,[-0.46666666865348816, -0.0, -0.0, -0.0, 0.0, 0.3803921639919281],[0, 0, 0, 0, 0, 0, 0, 1, 0, 0, 0, 0, 0, 0, 0, 0, 0, 0]
1734795529.8951163,705647,0.0,707529,[-0.6549019813537598, -0.0, -0.0, -0.0, 0.0, 0.3803921639919281],[0, 0, 0, 0, 0, 0, 0, 1, 0, 0, 0, 0, 0, 0, 0, 0, 0, 0]
1734795529.995198,705647,1.019370198249817,560000,[-0.0, -0.0, -0.0, -0.0, 0.0, 0.3803921639919281],[0, 0, 0, 0, 0, 0, 0, 1, 0, 0, 0, 0, 0, 0, 0, 0, 0, 0]
1734795530.2275095,705647,0.9278758764266968,560000,[-0.0, -0.0, -0.0, -0.0, 0.0, 0.3843137323856354],[0, 0, 0, 0, 0, 0, 0, 1, 0, 0, 0, 0, 0, 0, 0, 0, 0, 0]
1734795530.2953024,705647,0.0,560000,[-0.0, -0.0, -0.0, -0.0, 0.0, 0.3803921639919281],[0, 0, 0, 0, 0, 0, 0, 1, 0, 0, 0, 0, 0, 0, 0, 0, 0, 0]
1734795530.3948817,705647,0.0,608705,[-0.18431372940540314, -0.0, -0.0, -0.0, 0.0, 0.3803921639919281],[0, 0, 0, 0, 0, 0, 0, 1, 0, 0, 0, 0, 0, 0, 0, 0, 0, 0]
1734795530.495333,705647,0.9416037797927856,696000,[-0.6000000238418579, -0.0, -0.0, -0.0, 0.0, 0.3803921639919281],[0, 0, 0, 0, 0, 0, 0, 1, 0, 0, 0, 0, 0, 0, 0, 0, 0, 0]
1734795530.5968983,705647,0.8512950539588928,710823,[-0.6705882549285889, -0.0, -0.0, -0.0, 0.0, 0.3803921639919281],[0, 0, 0, 0, 0, 0, 0, 1, 0, 0, 0, 0, 0, 0, 0, 0, 0, 0]
1734795530.6951857,707058,0.0,560000,[-0.0, -0.0, -0.0, -0.0, 0.0, 0.3921568691730499],[0, 0, 0, 0, 0, 0, 0, 1, 0, 0, 0, 0, 0, 0, 0, 0, 0, 0]
1734795530.7970898,708941,0.0,560000,[-0.0, -0.0, -0.0, -0.0, 0.0, 0.40784314274787903],[0, 0, 0, 0, 0, 0, 0, 1, 0, 0, 0, 0, 0, 0, 0, 0, 0, 0]
1734795530.8963075,708941,0.0,780000,[-1.0, -0.12156862765550613, -0.0, -0.0, 0.0, 0.40784314274787903],[0, 0, 0, 0, 0, 0, 0, 1, 0, 0, 0, 0, 0, 0, 0, 0, 0, 0]
1734795530.9955614,708941,0.8411634564399719,654823,[-0.40392157435417175, -0.16078431904315948, -0.0, -0.0, 0.0, 0.40784314274787903],[0, 0, 0, 0, 0, 0, 0, 1, 0, 0, 0, 0, 0, 0, 0, 0, 0, 0]
1734795531.0966616,709882,0.0,560000,[-0.0, -0.0, -0.0, -0.0, 0.0, 0.40392157435417175],[0, 0, 0, 0, 0, 0, 0, 1, 0, 0, 0, 0, 0, 0, 0, 0, 0, 0]
1734795531.196678,710352,1.1134541034698486,635058,[-0.32549020648002625, -0.0, -0.0, -0.0, 0.0, 0.41960784792900085],[0, 0, 0, 0, 0, 0, 0, 1, 0, 0, 0, 0, 0, 0, 0, 0, 0, 0]
1734795531.294881,709882,0.0,712470,[-0.6784313917160034, -0.0, -0.0, -0.0, 0.0, 0.4156862795352936],[0, 0, 0, 0, 0, 0, 0, 1, 0, 0, 0, 0, 0, 0, 0, 0, 0, 0]
1734795531.395147,710352,1.2777172327041626,560000,[-0.0, -0.0, -0.0, -0.0, 0.0, 0.41960784792900085],[0, 0, 0, 0, 0, 0, 0, 1, 0, 0, 0, 0, 0, 0, 0, 0, 0, 0]
1734795531.4948606,709882,1.3598089218139648,560000,[-0.0, -0.0, -0.0, -0.0, 0.0, 0.4156862795352936],[0, 0, 0, 0, 0, 0, 0, 1, 0, 0, 0, 0, 0, 0, 0, 0, 0, 0]
1734795531.5953858,709882,0.0,707529,[-0.6549019813537598, -0.0, -0.0, -0.0, 0.0, 0.4156862795352936],[0, 0, 0, 0, 0, 0, 0, 1, 0, 0, 0, 0, 0, 0, 0, 0, 0, 0]
1734795531.6968904,709882,1.4960825443267822,753647,[-0.8823529481887817, -0.12156862765550613, -0.0, -0.0, 0.0, 0.4117647111415863],[0, 0, 0, 0, 0, 0, 0, 1, 0, 0, 0, 0, 0, 0, 0, 0, 0, 0]
1734795531.7978585,709882,1.5293241739273071,725647,[-0.6705882549285889, -0.14509804546833038, -0.0, -0.0, 0.0, 0.4156862795352936],[0, 0, 0, 0, 0, 0, 0, 1, 0, 0, 0, 0, 0, 0, 0, 0, 0, 0]
1734795531.895364,709411,1.4555078744888306,560000,[-0.0, -0.0, -0.0, -0.0, 0.0, 0.4117647111415863],[0, 0, 0, 0, 0, 0, 0, 1, 0, 0, 0, 0, 0, 0, 0, 0, 0, 0]
1734795531.9947996,710352,1.4202550649642944,664705,[-0.45098039507865906, -0.0, -0.0, -0.0, 0.0, 0.41960784792900085],[0, 0, 0, 0, 0, 0, 0, 1, 0, 0, 0, 0, 0, 0, 0, 0, 0, 0]
1734795532.0971653,709882,1.3936543464660645,742117,[-0.8196078538894653, -0.0, -0.0, -0.0, 0.0, 0.4156862795352936],[0, 0, 0, 0, 0, 0, 0, 1, 0, 0, 0, 0, 0, 0, 0, 0, 0, 0]
1734795532.1961935,709882,1.6092108488082886,560000,[-0.0, -0.0, -0.0, -0.0, 0.0, 0.4156862795352936],[0, 0, 0, 0, 0, 0, 0, 1, 0, 0, 0, 0, 0, 0, 0, 0, 0, 0]
1734795532.2948713,709882,1.5689184665679932,560000,[-0.0, -0.0, -0.0, -0.0, 0.0, 0.4156862795352936],[0, 0, 0, 0, 0, 0, 0, 1, 0, 0, 0, 0, 0, 0, 0, 0, 0, 0]
1734795532.3952823,709882,1.5344783067703247,656470,[-0.4117647111415863, -0.0, -0.0, -0.0, 0.0, 0.4156862795352936],[0, 0, 0, 0, 0, 0, 0, 1, 0, 0, 0, 0, 0, 0, 0, 0, 0, 0]
1734795532.4961014,709882,1.5983814001083374,607058,[-0.1764705926179886, -0.0, -0.0, -0.0, 0.0, 0.4156862795352936],[0, 0, 0, 0, 0, 0, 0, 1, 0, 0, 0, 0, 0, 0, 0, 0, 0, 0]
1734795532.5948305,710352,1.6554467678070068,560000,[-0.0, -0.0, -0.0, -0.0, 0.0, 0.41960784792900085],[0, 0, 0, 0, 0, 0, 0, 1, 0, 0, 0, 0, 0, 0, 0, 0, 0, 0]
1734795532.6943574,722117,1.7525612115859985,750352,[-0.8588235378265381, -0.12156862765550613, -0.0, -0.0, 0.0, 0.5176470875740051],[0, 0, 0, 0, 0, 0, 0, 1, 0, 0, 0, 0, 0, 0, 0, 0, 0, 0]
1734795532.7973752,722588,1.7879014015197754,682823,[-0.5058823823928833, -0.1764705926179886, -0.0, -0.0, 0.0, 0.5176470875740051],[0, 0, 0, 0, 0, 0, 0, 1, 0, 0, 0, 0, 0, 0, 0, 0, 0, 0]
1734795532.8955266,719294,2.264012098312378,560000,[-0.0, -0.0, -0.0, -0.0, 0.0, 0.4941176474094391],[0, 0, 0, 0, 0, 0, 0, 1, 0, 0, 0, 0, 0, 0, 0, 0, 0, 0]
1734795532.9961212,717411,2.550441026687622,560000,[-0.0, -0.0, -0.0, -0.0, 0.0, 0.47843137383461],[0, 0, 0, 0, 0, 0, 0, 1, 0, 0, 0, 0, 0, 0, 0, 0, 0, 0]
1734795533.0956829,716470,2.785003185272217,560000,[-0.0, -0.0, -0.0, -0.0, 0.0, 0.47058823704719543],[0, 0, 0, 0, 0, 0, 0, 1, 0, 0, 0, 0, 0, 0, 0, 0, 0, 0]
1734795533.1948705,715058,3.1456775665283203,514823,[0.26274511218070984, -0.0, -0.0, -0.0, 0.0, 0.4588235318660736],[0, 0, 0, 0, 0, 0, 0, 1, 0, 0, 0, 0, 0, 0, 0, 0, 0, 0]
1734795533.2946064,714117,3.305649757385254,602117,[-0.15294118225574493, -0.0, -0.0, -0.0, 0.0, 0.45098039507865906],[0, 0, 0, 0, 0, 0, 0, 1, 0, 0, 0, 0, 0, 0, 0, 0, 0, 0]
1734795533.3971963,714117,3.32216215133667,595529,[-0.11372549086809158, -0.0, -0.0, -0.0, 0.0, 0.45098039507865906],[0, 0, 0, 0, 0, 0, 0, 1, 0, 0, 0, 0, 0, 0, 0, 0, 0, 0]
1734795533.4952521,714117,3.5964717864990234,560000,[-0.0, -0.0, -0.0, -0.0, 0.0, 0.45098039507865906],[0, 0, 0, 0, 0, 0, 0, 1, 0, 0, 0, 0, 0, 0, 0, 0, 0, 0]
1734795533.5949097,714117,3.331130027770996,560000,[-0.0, -0.0, -0.0, -0.0, 0.0, 0.45098039507865906],[0, 0, 0, 0, 0, 0, 0, 1, 0, 0, 0, 0, 0, 0, 0, 0, 0, 0]
1734795533.6965988,714117,3.423478603363037,691058,[-0.5764706134796143, -0.0, -0.0, -0.0, 0.0, 0.45098039507865906],[0, 0, 0, 0, 0, 0, 0, 1, 0, 0, 0, 0, 0, 0, 0, 0, 0, 0]
1734795533.7950623,714117,3.50376558303833,691058,[-0.5764706134796143, -0.15294118225574493, -0.0, -0.0, 0.0, 0.45098039507865906],[0, 0, 0, 0, 0, 0, 0, 1, 0, 0, 0, 0, 0, 0, 0, 0, 0, 0]
1734795533.896653,713647,3.405316114425659,560000,[-0.0, -0.0, -0.0, -0.0, 0.0, 0.45098039507865906],[0, 0, 0, 0, 0, 0, 0, 1, 0, 0, 0, 0, 0, 0, 0, 0, 0, 0]
1734795533.9967015,713647,3.451986312866211,560000,[-0.0, -0.0, -0.0, -0.0, 0.0, 0.4470588266849518],[0, 0, 0, 0, 0, 0, 0, 1, 0, 0, 0, 0, 0, 0, 0, 0, 0, 0]
1734795534.0943835,713176,4.864799499511719,560000,[-0.0, -0.0, -0.0, -0.0, 0.0, 0.4431372582912445],[0, 0, 0, 0, 0, 0, 0, 1, 0, 0, 0, 0, 0, 0, 0, 0, 0, 0]
1734795534.1946335,712705,3.393611431121826,560000,[-0.0, -0.0, -0.0, -0.0, 0.0, 0.43921568989753723],[0, 0, 0, 0, 0, 0, 0, 1, 0, 0, 0, 0, 0, 0, 0, 0, 0, 0]
1734795534.2969642,711294,3.4074249267578125,560000,[-0.0, -0.0, -0.0, -0.0, 0.0, 0.4274509847164154],[0, 0, 0, 0, 0, 0, 0, 1, 0, 0, 0, 0, 0, 0, 0, 0, 0, 0]
1734795534.395642,711294,3.489691734313965,560000,[-0.0, -0.0, -0.0, -0.0, 0.0, 0.4274509847164154],[0, 0, 0, 0, 0, 0, 0, 1, 0, 0, 0, 0, 0, 0, 0, 0, 0, 0]
1734795534.4967685,711764,3.5008556842803955,641647,[-0.3019607961177826, -0.0, -0.0, -0.0, 0.0, 0.4313725531101227],[0, 0, 0, 0, 0, 0, 0, 1, 0, 0, 0, 0, 0, 0, 0, 0, 0, 0]
1734795534.5952644,710823,3.4816226959228516,780000,[-1.0, -0.0, -0.0, -0.0, 0.0, 0.42352941632270813],[0, 0, 0, 0, 0, 0, 0, 1, 0, 0, 0, 0, 0, 0, 0, 0, 0, 0]
1734795534.6946304,710823,3.4907023906707764,625176,[-0.26274511218070984, -0.0, -0.0, -0.0, 0.0, 0.42352941632270813],[0, 0, 0, 0, 0, 0, 0, 1, 0, 0, 0, 0, 0, 0, 0, 0, 0, 0]
1734795534.7951615,709882,3.14353346824646,560000,[-0.0, -0.0, -0.0, -0.0, 0.0, 0.4156862795352936],[0, 0, 0, 0, 0, 0, 0, 1, 0, 0, 0, 0, 0, 0, 0, 0, 0, 0]
1734795534.897289,710352,3.133906126022339,560000,[-0.11372549086809158, -0.0, -0.0, -0.0, 0.0, 0.41960784792900085],[0, 0, 0, 0, 0, 0, 0, 1, 0, 0, 0, 0, 0, 0, 0, 0, 0, 0]
1734795534.9950151,709411,2.9908416271209717,732235,[-0.772549033164978, -0.0, -0.0, -0.0, 0.0, 0.4117647111415863],[0, 0, 0, 0, 0, 0, 0, 1, 0, 0, 0, 0, 0, 0, 0, 0, 0, 0]
1734795535.094738,701882,3.053863286972046,686117,[-0.5529412031173706, -0.13725490868091583, -0.0, -0.0, 0.0, 0.3490196168422699],[0, 0, 0, 0, 0, 0, 0, 1, 0, 0, 0, 0, 0, 0, 0, 0, 0, 0]
1734795535.194621,690588,2.9576501846313477,595529,[-0.12156862765550613, -0.0, -0.0, -0.0, 0.0, 0.2549019753932953],[0, 0, 0, 0, 0, 0, 0, 1, 0, 0, 0, 0, 0, 0, 0, 0, 0, 0]
1734795535.295938,706117,2.2693963050842285,770117,[-0.9529411792755127, -0.0, -0.0, -0.0, 0.0, 0.4117647111415863],[0, 0, 0, 0, 0, 0, 0, 1, 0, 0, 0, 0, 0, 0, 0, 0, 0, 0]
1734795535.395191,711294,2.1842310428619385,745411,[-0.8352941274642944, -0.0, -0.0, -0.0, 0.0, 0.4274509847164154],[0, 0, 0, 0, 0, 0, 0, 1, 0, 0, 0, 0, 0, 0, 0, 0, 0, 0]
1734795535.4947922,700000,2.0394601821899414,560000,[-0.0, -0.0, -0.0, -0.0, 0.0, 0.3333333432674408],[0, 0, 0, 0, 0, 0, 0, 1, 0, 0, 0, 0, 0, 0, 0, 0, 0, 0]
1734795535.5971055,700000,2.0411365032196045,560000,[-0.0, -0.0, -0.0, -0.0, 0.0, 0.33725491166114807],[0, 0, 0, 0, 0, 0, 0, 1, 0, 0, 0, 0, 0, 0, 0, 0, 0, 0]
1734795535.6953027,708941,1.6525466442108154,610352,[-0.1921568661928177, -0.0, -0.0, -0.0, 0.0, 0.40784314274787903],[0, 0, 0, 0, 0, 0, 0, 1, 0, 0, 0, 0, 0, 0, 0, 0, 0, 0]
1734795535.7953057,710352,1.6118756532669067,560000,[-0.0, -0.0, -0.0, -0.0, 0.0, 0.41960784792900085],[0, 0, 0, 0, 0, 0, 0, 1, 0, 0, 0, 0, 0, 0, 0, 0, 0, 0]
1734795535.896573,709411,1.5500149726867676,560000,[-0.0, -0.0, -0.0, -0.0, 0.0, 0.4117647111415863],[0, 0, 0, 0, 0, 0, 0, 1, 0, 0, 0, 0, 0, 0, 0, 0, 0, 0]
1734795535.9967124,705176,1.6131281852722168,560000,[-0.0, -0.0, -0.0, -0.0, 0.0, 0.3764705955982208],[0, 0, 0, 0, 0, 0, 0, 1, 0, 0, 0, 0, 0, 0, 0, 0, 0, 0]
1734795536.0960796,704235,1.6093028783798218,560000,[-0.0, -0.0, -0.0, -0.0, 0.0, 0.3686274588108063],[0, 0, 0, 0, 0, 0, 0, 1, 0, 0, 0, 0, 0, 0, 0, 0, 0, 0]
1734795536.1956413,705176,1.527327060699463,560000,[-0.13725490868091583, -0.0, -0.0, -0.0, 0.0, 0.3764705955982208],[0, 0, 0, 0, 0, 0, 0, 1, 0, 0, 0, 0, 0, 0, 0, 0, 0, 0]
1734795536.2960799,702823,1.5266785621643066,608705,[-0.18431372940540314, -0.0, -0.0, -0.0, 0.0, 0.35686275362968445],[0, 0, 0, 0, 0, 0, 0, 1, 0, 0, 0, 0, 0, 0, 0, 0, 0, 0]
1734795536.395189,688705,1.330015778541565,560000,[-0.0, -0.0, -0.0, -0.0, 0.0, 0.239215686917305],[0, 0, 0, 0, 0, 0, 0, 1, 0, 0, 0, 0, 0, 0, 0, 0, 0, 0]
1734795536.4984324,679294,0.0,560000,[-0.0, -0.0, -0.0, -0.0, 0.0, 0.16078431904315948],[0, 0, 0, 0, 0, 0, 0, 1, 0, 0, 0, 0, 0, 0, 0, 0, 0, 0]
1734795536.5958734,665647,1.0945802927017212,560000,[-0.0, -0.0, -0.0, -0.0, 0.0, 0.0470588244497776],[0, 0, 0, 0, 0, 0, 0, 1, 0, 0, 0, 0, 0, 0, 0, 0, 0, 0]
1734795536.6955585,663294,0.0,560000,[-0.0, -0.0, -0.0, -0.0, 0.0, 0.027450980618596077],[0, 0, 0, 0, 0, 0, 0, 1, 0, 0, 0, 0, 0, 0, 0, 0, 0, 0]
1734795536.794256,660000,0.0,560000,[-0.0, -0.0, -0.0, -0.0, 0.0, 0.0],[0, 0, 0, 0, 0, 0, 0, 0, 0, 0, 0, 0, 0, 0, 0, 0, 0, 0]
1734795537.5403516,660000,0.0,560000,[-0.0, -0.0, -0.0, -0.0, 0.27450981736183167, 0.0],[0, 0, 0, 0, 0, 1, 0, 0, 0, 0, 0, 0, 0, 0, 0, 0, 0, 0]
1734795537.5947666,601764,0.0,560000,[-0.0, -0.0, -0.0, -0.0, 0.7764706015586853, 0.0],[0, 0, 0, 0, 0, 1, 0, 0, 0, 0, 0, 0, 0, 0, 0, 0, 0, 0]
1734795537.6942983,589117,0.0,560000,[-0.0, -0.0, -0.0, -0.0, 0.9450980424880981, 0.0],[0, 0, 0, 0, 0, 1, 0, 0, 0, 0, 0, 0, 0, 0, 0, 0, 0, 0]
1734795537.7943122,647941,0.0,560000,[-0.0, -0.0, -0.0, -0.0, 0.16078431904315948, 0.0],[0, 0, 0, 0, 0, 1, 0, 0, 0, 0, 0, 0, 0, 0, 0, 0, 0, 0]
1734795537.8950796,660000,0.0,560000,[-0.0, -0.0, -0.0, -0.0, 0.0, 0.0],[0, 0, 0, 0, 0, 0, 0, 0, 0, 0, 0, 0, 0, 0, 0, 0, 0, 0]
1734795537.9963627,602352,0.0,560000,[-0.0, -0.0, -0.0, -0.0, 0.8588235378265381, 0.0],[0, 0, 0, 0, 0, 1, 0, 0, 0, 0, 0, 0, 0, 0, 0, 0, 0, 0]
1734795538.0955758,595588,0.07904509454965591,560000,[-0.0, -0.0, -0.0, -0.0, 0.8588235378265381, 0.0],[0, 0, 0, 0, 0, 1, 0, 0, 0, 0, 0, 0, 0, 0, 0, 0, 0, 0]
1734795538.200686,612647,1.4271564483642578,560000,[-0.0, -0.0, -0.0, -0.0, 0.5882353186607361, 0.0],[0, 0, 0, 0, 0, 1, 0, 0, 0, 0, 0, 0, 0, 0, 0, 0, 0, 0]
1734795538.2980807,650588,2.846567392349243,560000,[-0.0, -0.0, -0.0, -0.0, 0.125490203499794, 0.0],[0, 0, 0, 0, 0, 1, 0, 0, 0, 0, 0, 0, 0, 0, 0, 0, 0, 0]
1734795538.3961082,660000,3.220278739929199,560000,[-0.0, -0.0, -0.0, -0.0, 0.0, 0.0],[0, 0, 0, 0, 0, 0, 0, 0, 0, 0, 0, 0, 0, 0, 0, 0, 0, 0]
1734795538.7078726,660000,0.0,560000,[-0.0, -0.0, -0.0, -0.0, 0.0, 0.09803921729326248],[0, 0, 0, 0, 0, 0, 0, 1, 0, 0, 0, 0, 0, 0, 0, 0, 0, 0]
1734795538.7948997,713176,0.0,560000,[-0.0, -0.0, -0.0, -0.0, 0.0, 0.4431372582912445],[0, 0, 0, 0, 0, 0, 0, 1, 0, 0, 0, 0, 0, 0, 0, 0, 0, 0]
1734795538.8952467,737176,0.7034560441970825,560000,[-0.0, -0.0, -0.0, -0.0, 0.0, 0.6431372761726379],[0, 0, 0, 0, 0, 0, 0, 1, 0, 0, 0, 0, 0, 0, 0, 0, 0, 0]
1734795538.9947932,748000,0.7207514047622681,560000,[-0.0, -0.0, -0.0, -0.0, 0.0, 0.7333333492279053],[0, 0, 0, 0, 0, 0, 0, 1, 0, 0, 0, 0, 0, 0, 0, 0, 0, 0]
1734795539.0952418,733411,1.9099233150482178,560000,[-0.0, -0.0, -0.0, -0.0, 0.0, 0.6117647290229797],[0, 0, 0, 0, 0, 0, 0, 1, 0, 0, 0, 0, 0, 0, 0, 0, 0, 0]
1734795539.1959953,660000,3.7105467319488525,560000,[-0.0, -0.0, -0.0, -0.0, 0.0, 0.0],[0, 0, 0, 0, 0, 0, 0, 0, 0, 0, 0, 0, 0, 0, 0, 0, 0, 0]
1734795539.7694464,660000,1.3924822807312012,560000,[-0.0, -0.0, -0.0, -0.0, 0.0, 0.0235294122248888],[0, 0, 0, 0, 0, 0, 0, 1, 0, 0, 0, 0, 0, 0, 0, 0, 0, 0]
1734795539.8211582,662823,0.0,560000,[-0.0, -0.0, -0.0, -0.0, 0.0, 0.2549019753932953],[0, 0, 0, 0, 0, 0, 0, 1, 0, 0, 0, 0, 0, 0, 0, 0, 0, 0]
1734795539.895228,695764,0.0,560000,[-0.0, -0.0, -0.0, -0.0, 0.0, 0.2980392277240753],[0, 0, 0, 0, 0, 0, 0, 1, 0, 0, 0, 0, 0, 0, 0, 0, 0, 0]
1734795539.9955497,704235,0.0,653176,[-0.3960784375667572, -0.0, -0.0, -0.0, 0.0, 0.3686274588108063],[0, 0, 0, 0, 0, 0, 0, 1, 0, 0, 0, 0, 0, 0, 0, 0, 0, 0]
1734795540.0950687,730117,0.0,560000,[-0.0, -0.0, -0.0, -0.0, 0.0, 0.5843137502670288],[0, 0, 0, 0, 0, 0, 0, 1, 0, 0, 0, 0, 0, 0, 0, 0, 0, 0]
1734795540.1963797,732941,0.554050087928772,560000,[-0.0, -0.0, -0.0, -0.0, 0.0, 0.6078431606292725],[0, 0, 0, 0, 0, 0, 0, 1, 0, 0, 0, 0, 0, 0, 0, 0, 0, 0]
1734795540.2956843,731529,0.0,697647,[-0.6078431606292725, -0.0, -0.0, -0.0, 0.0, 0.5960784554481506],[0, 0, 0, 0, 0, 0, 0, 1, 0, 0, 0, 0, 0, 0, 0, 0, 0, 0]
1734795540.3947084,729176,2.2271311283111572,605411,[-0.16862745583057404, -0.0, -0.0, -0.0, 0.0, 0.5764706134796143],[0, 0, 0, 0, 0, 0, 0, 1, 0, 0, 0, 0, 0, 0, 0, 0, 0, 0]
1734795540.494765,710823,2.9220054149627686,560000,[-0.0, -0.0, -0.0, -0.0, 0.0, 0.42352941632270813],[0, 0, 0, 0, 0, 0, 0, 1, 0, 0, 0, 0, 0, 0, 0, 0, 0, 0]
1734795540.5960484,706588,3.5103912353515625,560000,[-0.0, -0.0, -0.0, -0.0, 0.0, 0.38823530077934265],[0, 0, 0, 0, 0, 0, 0, 1, 0, 0, 0, 0, 0, 0, 0, 0, 0, 0]
1734795540.6981864,707058,3.5108838081359863,692705,[-0.6941176652908325, -0.0, -0.0, -0.0, 0.0, 0.3960784375667572],[0, 0, 0, 0, 0, 0, 0, 1, 0, 0, 0, 0, 0, 0, 0, 0, 0, 0]
1734795540.7970893,706588,3.309173822402954,737176,[-0.7960784435272217, -0.1764705926179886, -0.0, -0.0, 0.0, 0.38823530077934265],[0, 0, 0, 0, 0, 0, 0, 1, 0, 0, 0, 0, 0, 0, 0, 0, 0, 0]
1734795540.8950393,707058,2.987701416015625,560000,[-0.0, -0.0, -0.0, -0.0, 0.0, 0.3921568691730499],[0, 0, 0, 0, 0, 0, 0, 1, 0, 0, 0, 0, 0, 0, 0, 0, 0, 0]
1734795540.9949985,707529,2.734853506088257,560000,[-0.0, -0.0, -0.0, -0.0, 0.0, 0.3960784375667572],[0, 0, 0, 0, 0, 0, 0, 1, 0, 0, 0, 0, 0, 0, 0, 0, 0, 0]
1734795541.0950327,707529,2.349256753921509,643294,[-0.3490196168422699, -0.0, -0.0, -0.0, 0.0, 0.3960784375667572],[0, 0, 0, 0, 0, 0, 0, 1, 0, 0, 0, 0, 0, 0, 0, 0, 0, 0]
1734795541.1952355,707529,2.6048622131347656,560000,[-0.0, -0.0, -0.0, -0.0, 0.0, 0.3960784375667572],[0, 0, 0, 0, 0, 0, 0, 1, 0, 0, 0, 0, 0, 0, 0, 0, 0, 0]
1734795541.2951272,706117,2.4480538368225098,560000,[-0.0, -0.0, -0.0, -0.0, 0.0, 0.3843137323856354],[0, 0, 0, 0, 0, 0, 0, 1, 0, 0, 0, 0, 0, 0, 0, 0, 0, 0]
1734795541.3952024,705176,2.2713634967803955,560000,[-0.0, -0.0, -0.0, -0.0, 0.0, 0.37254902720451355],[0, 0, 0, 0, 0, 0, 0, 1, 0, 0, 0, 0, 0, 0, 0, 0, 0, 0]
1734795541.4962485,704235,2.274563789367676,560000,[-0.0, -0.0, -0.0, -0.0, 0.0, 0.3686274588108063],[0, 0, 0, 0, 0, 0, 0, 1, 0, 0, 0, 0, 0, 0, 0, 0, 0, 0]
1734795541.5949981,704235,2.183598756790161,560000,[-0.0, -0.0, -0.0, -0.0, 0.0, 0.3686274588108063],[0, 0, 0, 0, 0, 0, 0, 1, 0, 0, 0, 0, 0, 0, 0, 0, 0, 0]
1734795541.6940894,704235,2.106555223464966,560000,[-0.0, -0.0, -0.0, -0.0, 0.0, 0.3686274588108063],[0, 0, 0, 0, 0, 0, 0, 1, 0, 0, 0, 0, 0, 0, 0, 0, 0, 0]
1734795541.7958348,704235,1.69857656955719,560000,[-0.0, -0.0, -0.0, -0.0, 0.0, 0.3686274588108063],[0, 0, 0, 0, 0, 0, 0, 1, 0, 0, 0, 0, 0, 0, 0, 0, 0, 0]
1734795541.897885,704235,1.6123332977294922,616941,[-0.2235294133424759, -0.0, -0.0, -0.0, 0.0, 0.3686274588108063],[0, 0, 0, 0, 0, 0, 0, 1, 0, 0, 0, 0, 0, 0, 0, 0, 0, 0]
1734795541.994913,684470,1.364683747291565,644941,[-0.35686275362968445, -0.0, -0.0, -0.0, 0.0, 0.20392157137393951],[0, 0, 0, 0, 0, 0, 0, 1, 0, 0, 0, 0, 0, 0, 0, 0, 0, 0]
1734795542.095718,660000,0.0,560000,[-0.0, -0.0, -0.0, -0.0, 0.0, 0.0],[0, 0, 0, 0, 0, 0, 0, 0, 0, 0, 0, 0, 0, 0, 0, 0, 0, 0]
1734795542.674856,660000,0.0,560000,[-0.0, -0.0, -0.0, -0.0, 0.0, 0.003921568859368563],[0, 0, 0, 0, 0, 0, 0, 1, 0, 0, 0, 0, 0, 0, 0, 0, 0, 0]
1734795542.6952705,665176,0.0,560000,[-0.0, -0.0, -0.0, -0.0, 0.0, 0.04313725605607033],[0, 0, 0, 0, 0, 0, 0, 1, 0, 0, 0, 0, 0, 0, 0, 0, 0, 0]
1734795542.7983482,694823,0.0,560000,[-0.0, -0.0, -0.0, -0.0, 0.0, 0.3137255012989044],[0, 0, 0, 0, 0, 0, 0, 1, 0, 0, 0, 0, 0, 0, 0, 0, 0, 0]
1734795542.896196,715529,0.0,560000,[-0.0, -0.0, -0.0, -0.0, 0.0, 0.4627451002597809],[0, 0, 0, 0, 0, 0, 0, 1, 0, 0, 0, 0, 0, 0, 0, 0, 0, 0]
1734795542.994646,731058,0.0,560000,[-0.0, -0.0, -0.0, -0.0, 0.0, 0.5921568870544434],[0, 0, 0, 0, 0, 0, 0, 1, 0, 0, 0, 0, 0, 0, 0, 0, 0, 0]
1734795543.0949779,732470,0.0,470352,[0.4745098054409027, -0.0, -0.0, -0.0, 0.0, 0.6039215922355652],[0, 0, 0, 0, 0, 0, 0, 1, 0, 0, 0, 0, 0, 0, 0, 0, 0, 0]
1734795543.196858,731529,1.7370840311050415,486823,[0.3960784375667572, -0.0, -0.0, -0.0, 0.0, 0.5921568870544434],[0, 0, 0, 0, 0, 0, 0, 1, 0, 0, 0, 0, 0, 0, 0, 0, 0, 0]
1734795543.2967262,728235,2.3597776889801025,560000,[-0.0, -0.0, -0.0, -0.0, 0.0, 0.5647059082984924],[0, 0, 0, 0, 0, 0, 0, 1, 0, 0, 0, 0, 0, 0, 0, 0, 0, 0]
1734795543.3963764,720705,3.612797737121582,521411,[0.23137255012989044, -0.0, -0.0, -0.0, 0.0, 0.5058823823928833],[0, 0, 0, 0, 0, 0, 0, 1, 0, 0, 0, 0, 0, 0, 0, 0, 0, 0]
1734795543.4958725,714588,3.706991672515869,462117,[0.5137255191802979, -0.0, -0.0, -0.0, 0.0, 0.45490196347236633],[0, 0, 0, 0, 0, 0, 0, 1, 0, 0, 0, 0, 0, 0, 0, 0, 0, 0]
1734795543.5959964,705176,4.222417831420898,521411,[0.23137255012989044, -0.0, -0.0, -0.0, 0.0, 0.3764705955982208],[0, 0, 0, 0, 0, 0, 0, 1, 0, 0, 0, 0, 0, 0, 0, 0, 0, 0]
1734795543.6950223,660000,4.216517448425293,560000,[-0.0, -0.0, -0.0, -0.0, 0.0, 0.0],[0, 0, 0, 0, 0, 0, 0, 0, 0, 0, 0, 0, 0, 0, 0, 0, 0, 0]
1734795545.4462159,660000,0.0,560000,[0.12156862765550613, -0.0, -0.0, -0.0, 0.0, 0.0],[0, 0, 0, 0, 0, 0, 0, 0, 0, 0, 0, 0, 0, 0, 0, 0, 0, 0]
1734795545.4945364,660000,0.0,499999,[0.3333333432674408, -0.0, -0.0, -0.0, 0.0, 0.0],[0, 0, 0, 0, 0, 0, 0, 0, 0, 0, 0, 0, 0, 0, 0, 0, 0, 0]
1734795545.595288,704235,0.0,499999,[0.3333333432674408, -0.0, -0.0, -0.0, 0.0, 0.3686274588108063],[0, 0, 0, 0, 0, 0, 0, 1, 0, 0, 0, 0, 0, 0, 0, 0, 0, 0]
1734795545.6958523,704705,0.0,462117,[0.5137255191802979, -0.0, -0.0, -0.0, 0.0, 0.37254902720451355],[0, 0, 0, 0, 0, 0, 0, 1, 0, 0, 0, 0, 0, 0, 0, 0, 0, 0]
1734795545.7967825,705176,0.0,485176,[0.40392157435417175, -0.0, -0.0, -0.0, 0.0, 0.3764705955982208],[0, 0, 0, 0, 0, 0, 0, 1, 0, 0, 0, 0, 0, 0, 0, 0, 0, 0]
1734795545.895555,705176,0.0,513176,[0.2705882489681244, -0.0, -0.0, -0.0, 0.0, 0.3764705955982208],[0, 0, 0, 0, 0, 0, 0, 1, 0, 0, 0, 0, 0, 0, 0, 0, 0, 0]
1734795545.994979,705647,0.0,475294,[0.45098039507865906, -0.11372549086809158, -0.0, -0.0, 0.0, 0.3803921639919281],[0, 0, 0, 0, 0, 0, 0, 1, 0, 0, 0, 0, 0, 0, 0, 0, 0, 0]
1734795546.0977492,705647,0.06883224099874496,430823,[0.6627451181411743, -0.14509804546833038, -0.0, -0.0, 0.0, 0.3803921639919281],[0, 0, 0, 0, 0, 0, 0, 1, 0, 0, 0, 0, 0, 0, 0, 0, 0, 0]
1734795546.1949341,714588,0.0,546117,[0.11372549086809158, -0.0, -0.0, -0.0, 0.0, 0.45490196347236633],[0, 0, 0, 0, 0, 0, 0, 1, 0, 0, 0, 0, 0, 0, 0, 0, 0, 0]
1734795546.2965786,730117,0.0,524705,[0.21568627655506134, -0.0, -0.0, -0.0, 0.0, 0.5843137502670288],[0, 0, 0, 0, 0, 0, 0, 1, 0, 0, 0, 0, 0, 0, 0, 0, 0, 0]
1734795546.3949547,727294,0.0,435764,[0.6392157077789307, -0.11372549086809158, -0.0, -0.0, 0.0, 0.5607843399047852],[0, 0, 0, 0, 0, 0, 0, 1, 0, 0, 0, 0, 0, 0, 0, 0, 0, 0]
1734795546.495199,721176,1.8182462453842163,501647,[0.32549020648002625, -0.0, -0.0, -0.0, 0.0, 0.5098039507865906],[0, 0, 0, 0, 0, 0, 0, 1, 0, 0, 0, 0, 0, 0, 0, 0, 0, 0]
1734795546.5998478,720705,2.21355938911438,649882,[-0.5137255191802979, -0.0, -0.0, -0.0, 0.0, 0.501960813999176],[0, 0, 0, 0, 0, 0, 0, 1, 0, 0, 0, 0, 0, 0, 0, 0, 0, 0]
1734795546.695024,700941,2.6638925075531006,780000,[-1.0, -0.0, -0.0, -0.0, 0.0, 0.34117648005485535],[0, 0, 0, 0, 0, 0, 0, 1, 0, 0, 0, 0, 0, 0, 0, 0, 0, 0]
1734795546.796921,668470,2.9135987758636475,780000,[-1.0, -0.0, -0.0, -0.0, 0.0, 0.05882352963089943],[0, 0, 0, 0, 0, 0, 0, 1, 0, 0, 0, 0, 0, 0, 0, 0, 0, 0]
1734795546.8951666,660000,2.2787108421325684,780000,[-1.0, -0.0, -0.0, -0.0, 0.0, 0.0],[0, 0, 0, 0, 0, 0, 0, 0, 0, 0, 0, 0, 0, 0, 0, 0, 0, 0]
1734795547.0147226,660000,1.9097315073013306,780000,[-1.0, -0.0, -0.0, -0.0, 0.0, 0.0941176488995552],[0, 0, 0, 0, 0, 0, 0, 1, 0, 0, 0, 0, 0, 0, 0, 0, 0, 0]
1734795547.0977643,707529,1.3916717767715454,780000,[-1.0, -0.0, -0.0, -0.0, 0.0, 0.47843137383461],[0, 0, 0, 0, 0, 0, 0, 1, 0, 0, 0, 0, 0, 0, 0, 0, 0, 0]
1734795547.1949832,732470,0.9002691507339478,780000,[-1.0, -0.0, -0.0, -0.0, 0.0, 0.6039215922355652],[0, 0, 0, 0, 0, 0, 0, 1, 0, 0, 0, 0, 0, 0, 0, 0, 0, 0]
1734795547.2992258,734823,0.0,780000,[-1.0, -0.0, -0.0, -0.0, 0.0, 0.6235294342041016],[0, 0, 0, 0, 0, 0, 0, 1, 0, 0, 0, 0, 0, 0, 0, 0, 0, 0]
1734795547.3956628,733411,1.9106117486953735,780000,[-1.0, -0.0, -0.0, -0.0, 0.0, 0.6117647290229797],[0, 0, 0, 0, 0, 0, 0, 1, 0, 0, 0, 0, 0, 0, 0, 0, 0, 0]
1734795547.4952228,724470,2.6034178733825684,780000,[-1.0, -0.0, -0.0, -0.0, 0.0, 0.5372549295425415],[0, 0, 0, 0, 0, 0, 0, 1, 0, 0, 0, 0, 0, 0, 0, 0, 0, 0]
1734795547.5945146,683529,3.3953652381896973,780000,[-1.0, -0.11372549086809158, -0.0, -0.0, 0.0, 0.19607843458652496],[0, 0, 0, 0, 0, 0, 0, 1, 0, 0, 0, 0, 0, 0, 0, 0, 0, 0]
1734795547.6959033,660000,3.368281841278076,780000,[-1.0, -0.12156862765550613, -0.0, -0.0, 0.0, 0.0],[0, 0, 0, 0, 0, 0, 0, 0, 0, 0, 0, 0, 0, 0, 0, 0, 0, 0]
1734795547.814129,660000,2.271305799484253,780000,[-1.0, -0.12156862765550613, -0.0, -0.0, 0.0, 0.07450980693101883],[0, 0, 0, 0, 0, 0, 0, 1, 0, 0, 0, 0, 0, 0, 0, 0, 0, 0]
1734795547.8962195,697647,1.976941466331482,780000,[-1.0, -0.12941177189350128, -0.0, -0.0, 0.0, 0.3137255012989044],[0, 0, 0, 0, 0, 0, 0, 1, 0, 0, 0, 0, 0, 0, 0, 0, 0, 0]
1734795547.995574,716000,1.6078897714614868,780000,[-1.0, -0.15294118225574493, -0.0, -0.0, 0.0, 0.46666666865348816],[0, 0, 0, 0, 0, 0, 0, 1, 0, 0, 0, 0, 0, 0, 0, 0, 0, 0]
1734795548.0948122,713647,1.6554065942764282,770117,[-0.9529411792755127, -0.15294118225574493, -0.0, -0.0, 0.0, 0.4470588266849518],[0, 0, 0, 0, 0, 0, 0, 1, 0, 0, 0, 0, 0, 0, 0, 0, 0, 0]
1734795548.1985645,703764,1.3911073207855225,765176,[-0.929411768913269, -0.15294118225574493, -0.0, -0.0, 0.0, 0.3450980484485626],[0, 0, 0, 0, 0, 0, 0, 1, 0, 0, 0, 0, 0, 0, 0, 0, 0, 0]
1734795548.2963495,701411,1.3910821676254272,765176,[-0.929411768913269, -0.15294118225574493, -0.0, -0.0, 0.0, 0.34117648005485535],[0, 0, 0, 0, 0, 0, 0, 1, 0, 0, 0, 0, 0, 0, 0, 0, 0, 0]
1734795548.395392,702352,33.97677230834961,765176,[-0.929411768913269, -0.15294118225574493, -0.0, -0.0, 0.0, 0.3529411852359772],[0, 0, 0, 0, 0, 0, 0, 1, 0, 0, 0, 0, 0, 0, 0, 0, 0, 0]
1734795548.4951828,702352,1.2710018157958984,766823,[-0.9372549057006836, -0.15294118225574493, -0.0, -0.0, 0.0, 0.3529411852359772],[0, 0, 0, 0, 0, 0, 0, 1, 0, 0, 0, 0, 0, 0, 0, 0, 0, 0]
1734795548.5949895,704705,0.9445597529411316,778352,[-0.9921568632125854, -0.16078431904315948, -0.0, -0.0, 0.0, 0.37254902720451355],[0, 0, 0, 0, 0, 0, 0, 1, 0, 0, 0, 0, 0, 0, 0, 0, 0, 0]
1734795548.69622,717411,0.0,778352,[-0.9921568632125854, -0.16078431904315948, -0.0, -0.0, 0.0, 0.4941176474094391],[0, 0, 0, 0, 0, 0, 0, 1, 0, 0, 0, 0, 0, 0, 0, 0, 0, 0]
1734795548.7961617,718823,0.6067313551902771,778352,[-0.9921568632125854, -0.16078431904315948, -0.0, -0.0, 0.0, 0.4901960790157318],[0, 0, 0, 0, 0, 0, 0, 1, 0, 0, 0, 0, 0, 0, 0, 0, 0, 0]
1734795548.8943315,715529,0.0,778352,[-0.9921568632125854, -0.16078431904315948, -0.0, -0.0, 0.0, 0.4627451002597809],[0, 0, 0, 0, 0, 0, 0, 1, 0, 0, 0, 0, 0, 0, 0, 0, 0, 0]
1734795548.995772,717411,1.3041738271713257,778352,[-0.9921568632125854, -0.16862745583057404, -0.0, -0.0, 0.0, 0.47843137383461],[0, 0, 0, 0, 0, 0, 0, 1, 0, 0, 0, 0, 0, 0, 0, 0, 0, 0]
1734795549.0952458,717411,1.4973115921020508,778352,[-0.9921568632125854, -0.16078431904315948, -0.0, -0.0, 0.0, 0.47843137383461],[0, 0, 0, 0, 0, 0, 0, 1, 0, 0, 0, 0, 0, 0, 0, 0, 0, 0]
1734795549.1945531,717411,1.8556245565414429,778352,[-0.9921568632125854, -0.16862745583057404, -0.0, -0.0, 0.0, 0.47843137383461],[0, 0, 0, 0, 0, 0, 0, 1, 0, 0, 0, 0, 0, 0, 0, 0, 0, 0]
1734795549.2961166,716470,1.9760280847549438,778352,[-0.9921568632125854, -0.16862745583057404, -0.0, -0.0, 0.0, 0.47058823704719543],[0, 0, 0, 0, 0, 0, 0, 1, 0, 0, 0, 0, 0, 0, 0, 0, 0, 0]
1734795549.3960447,712235,2.1058948040008545,755294,[-0.8823529481887817, -0.1764705926179886, -0.0, -0.0, 0.0, 0.43529412150382996],[0, 0, 0, 0, 0, 0, 0, 1, 0, 0, 0, 0, 0, 0, 0, 0, 0, 0]
1734795549.4945538,709882,2.146620035171509,712470,[-0.6784313917160034, -0.16862745583057404, -0.0, -0.0, 0.0, 0.4156862795352936],[0, 0, 0, 0, 0, 0, 0, 1, 0, 0, 0, 0, 0, 0, 0, 0, 0, 0]
1734795549.5946355,705647,2.2420246601104736,618588,[-0.23137255012989044, -0.0, -0.0, -0.0, 0.0, 0.3803921639919281],[0, 0, 0, 0, 0, 0, 0, 1, 0, 0, 0, 0, 0, 0, 0, 0, 0, 0]
1734795549.6954968,705647,2.0409293174743652,600470,[-0.14509804546833038, -0.0, -0.0, -0.0, 0.0, 0.3803921639919281],[0, 0, 0, 0, 0, 0, 0, 1, 0, 0, 0, 0, 0, 0, 0, 0, 0, 0]
1734795549.7957318,705176,2.0456767082214355,605411,[-0.16862745583057404, -0.0, -0.0, -0.0, 0.0, 0.3764705955982208],[0, 0, 0, 0, 0, 0, 0, 1, 0, 0, 0, 0, 0, 0, 0, 0, 0, 0]
1734795549.8944025,705647,2.0317342281341553,631764,[-0.29411765933036804, -0.0, -0.0, -0.0, 0.0, 0.3803921639919281],[0, 0, 0, 0, 0, 0, 0, 1, 0, 0, 0, 0, 0, 0, 0, 0, 0, 0]
1734795549.9946783,704705,1.9096041917800903,613647,[-0.2078431397676468, -0.0, -0.0, -0.0, 0.0, 0.37254902720451355],[0, 0, 0, 0, 0, 0, 0, 1, 0, 0, 0, 0, 0, 0, 0, 0, 0, 0]
1734795550.0974715,705176,1.8566566705703735,644941,[-0.4745098054409027, -0.0, -0.0, -0.0, 0.0, 0.3764705955982208],[0, 0, 0, 0, 0, 0, 0, 1, 0, 0, 0, 0, 0, 0, 0, 0, 0, 0]
1734795550.1952372,705176,1.5285723209381104,756941,[-0.8901960849761963, -0.23137255012989044, -0.0, -0.0, 0.0, 0.3764705955982208],[0, 0, 0, 0, 0, 0, 0, 1, 0, 0, 0, 0, 0, 0, 0, 0, 0, 0]
1734795550.2943728,704705,1.4266092777252197,560000,[-0.0, -0.0, -0.0, -0.0, 0.0, 0.37254902720451355],[0, 0, 0, 0, 0, 0, 0, 1, 0, 0, 0, 0, 0, 0, 0, 0, 0, 0]
1734795550.3973684,703764,0.0,560000,[-0.0, -0.0, -0.0, -0.0, 0.0, 0.3686274588108063],[0, 0, 0, 0, 0, 0, 0, 1, 0, 0, 0, 0, 0, 0, 0, 0, 0, 0]
1734795550.4950938,704235,1.232186198234558,758588,[-0.8980392217636108, -0.12941177189350128, -0.0, -0.0, 0.0, 0.3686274588108063],[0, 0, 0, 0, 0, 0, 0, 1, 0, 0, 0, 0, 0, 0, 0, 0, 0, 0]
1734795550.596755,704705,0.0,778352,[-0.9921568632125854, -0.16078431904315948, -0.0, -0.0, 0.0, 0.37254902720451355],[0, 0, 0, 0, 0, 0, 0, 1, 0, 0, 0, 0, 0, 0, 0, 0, 0, 0]
1734795550.69633,708941,0.0,771764,[-0.9607843160629272, -0.18431372940540314, -0.0, -0.0, 0.0, 0.40784314274787903],[0, 0, 0, 0, 0, 0, 0, 1, 0, 0, 0, 0, 0, 0, 0, 0, 0, 0]
1734795550.796432,724470,1.5571956634521484,771764,[-0.9607843160629272, -0.18431372940540314, -0.0, -0.0, 0.0, 0.5372549295425415],[0, 0, 0, 0, 0, 0, 0, 1, 0, 0, 0, 0, 0, 0, 0, 0, 0, 0]
1734795550.896048,723529,0.9286245107650757,733882,[-0.7803921699523926, -0.16862745583057404, -0.0, -0.0, 0.0, 0.529411792755127],[0, 0, 0, 0, 0, 0, 0, 1, 0, 0, 0, 0, 0, 0, 0, 0, 0, 0]
1734795550.9950976,725411,2.3519270420074463,735529,[-0.7882353067398071, -0.16078431904315948, -0.0, -0.0, 0.0, 0.545098066329956],[0, 0, 0, 0, 0, 0, 0, 1, 0, 0, 0, 0, 0, 0, 0, 0, 0, 0]
1734795551.0954921,725411,2.1112513542175293,714117,[-0.686274528503418, -0.13725490868091583, -0.0, -0.0, 0.0, 0.545098066329956],[0, 0, 0, 0, 0, 0, 0, 1, 0, 0, 0, 0, 0, 0, 0, 0, 0, 0]
1734795551.1947348,722117,2.4612433910369873,560000,[-0.0, -0.0, -0.0, -0.0, 0.0, 0.5176470875740051],[0, 0, 0, 0, 0, 0, 0, 1, 0, 0, 0, 0, 0, 0, 0, 0, 0, 0]
1734795551.294895,720235,2.6618845462799072,560000,[-0.0, -0.0, -0.0, -0.0, 0.0, 0.501960813999176],[0, 0, 0, 0, 0, 0, 0, 1, 0, 0, 0, 0, 0, 0, 0, 0, 0, 0]
1734795551.3955069,716000,3.3061270713806152,560000,[-0.0, -0.0, -0.0, -0.0, 0.0, 0.46666666865348816],[0, 0, 0, 0, 0, 0, 0, 1, 0, 0, 0, 0, 0, 0, 0, 0, 0, 0]
1734795551.496751,703294,3.467594623565674,360000,[1.0, -0.0, -0.0, -0.0, 0.0, 0.3607843220233917],[0, 0, 0, 0, 0, 0, 0, 1, 0, 0, 0, 0, 0, 0, 0, 0, 0, 0]
1734795551.5952024,660000,3.704043388366699,360000,[1.0, -0.0, -0.0, -0.0, 0.0, 0.0],[0, 0, 0, 0, 0, 0, 0, 0, 0, 0, 0, 0, 0, 0, 0, 0, 0, 0]
1734795551.8837628,660000,2.403217077255249,360000,[1.0, -0.0, -0.0, -0.0, 0.0, 0.0117647061124444],[0, 0, 0, 0, 0, 0, 0, 1, 0, 0, 0, 0, 0, 0, 0, 0, 0, 0]
1734795551.9318573,661411,1.7509254217147827,360000,[1.0, -0.0, -0.0, -0.0, 0.0, 0.2980392277240753],[0, 0, 0, 0, 0, 0, 0, 1, 0, 0, 0, 0, 0, 0, 0, 0, 0, 0]
1734795552.001265,701411,0.0,360000,[1.0, -0.0, -0.0, -0.0, 0.0, 0.4000000059604645],[0, 0, 0, 0, 0, 0, 0, 1, 0, 0, 0, 0, 0, 0, 0, 0, 0, 0]
1734795552.0949678,732470,1.2475963830947876,360000,[1.0, -0.0, -0.0, -0.0, 0.0, 0.6039215922355652],[0, 0, 0, 0, 0, 0, 0, 1, 0, 0, 0, 0, 0, 0, 0, 0, 0, 0]
1734795552.1984487,717411,1.0607585906982422,360000,[1.0, -0.0, -0.0, -0.0, 0.0, 0.4588235318660736],[0, 0, 0, 0, 0, 0, 0, 1, 0, 0, 0, 0, 0, 0, 0, 0, 0, 0]
1734795552.2948008,716470,1.868804931640625,360000,[1.0, -0.0, -0.0, -0.0, 0.0, 0.47058823704719543],[0, 0, 0, 0, 0, 0, 0, 1, 0, 0, 0, 0, 0, 0, 0, 0, 0, 0]
1734795552.3967037,715529,2.266505002975464,360000,[1.0, -0.0, -0.0, -0.0, 0.0, 0.4627451002597809],[0, 0, 0, 0, 0, 0, 0, 1, 0, 0, 0, 0, 0, 0, 0, 0, 0, 0]
1734795552.4946394,714588,2.441404342651367,360000,[1.0, -0.0, -0.0, -0.0, 0.0, 0.45490196347236633],[0, 0, 0, 0, 0, 0, 0, 1, 0, 0, 0, 0, 0, 0, 0, 0, 0, 0]
1734795552.595757,707529,2.7907564640045166,360000,[1.0, -0.0, -0.0, -0.0, 0.0, 0.3960784375667572],[0, 0, 0, 0, 0, 0, 0, 1, 0, 0, 0, 0, 0, 0, 0, 0, 0, 0]
1734795552.69498,704235,2.654094696044922,360000,[1.0, -0.0, -0.0, -0.0, 0.0, 0.3686274588108063],[0, 0, 0, 0, 0, 0, 0, 1, 0, 0, 0, 0, 0, 0, 0, 0, 0, 0]
1734795552.7964613,692000,2.456254243850708,360000,[1.0, -0.0, -0.0, -0.0, 0.0, 0.2666666805744171],[0, 0, 0, 0, 0, 0, 0, 1, 0, 0, 0, 0, 0, 0, 0, 0, 0, 0]
1734795552.896399,660000,2.4053852558135986,360000,[1.0, -0.0, -0.0, -0.0, 0.0, 0.0],[0, 0, 0, 0, 0, 0, 0, 0, 0, 0, 0, 0, 0, 0, 0, 0, 0, 0]
1734795552.994437,674117,1.8053961992263794,360000,[1.0, -0.0, -0.0, -0.0, 0.0, 0.11764705926179886],[0, 0, 0, 0, 0, 0, 0, 1, 0, 0, 0, 0, 0, 0, 0, 0, 0, 0]
1734795553.0948768,707058,0.0,360000,[1.0, -0.0, -0.0, -0.0, 0.0, 0.3921568691730499],[0, 0, 0, 0, 0, 0, 0, 1, 0, 0, 0, 0, 0, 0, 0, 0, 0, 0]
1734795553.1944711,718352,0.0,360000,[1.0, -0.0, -0.0, -0.0, 0.0, 0.48627451062202454],[0, 0, 0, 0, 0, 0, 0, 1, 0, 0, 0, 0, 0, 0, 0, 0, 0, 0]
1734795553.2950385,718352,0.7845342755317688,360000,[1.0, -0.0, -0.0, -0.0, 0.0, 0.48627451062202454],[0, 0, 0, 0, 0, 0, 0, 1, 0, 0, 0, 0, 0, 0, 0, 0, 0, 0]
1734795553.3943417,719294,0.0,360000,[1.0, -0.0, -0.0, -0.0, 0.0, 0.4941176474094391],[0, 0, 0, 0, 0, 0, 0, 1, 0, 0, 0, 0, 0, 0, 0, 0, 0, 0]
1734795553.4959517,723058,1.6530569791793823,360000,[1.0, -0.0, -0.0, -0.0, 0.0, 0.5254902243614197],[0, 0, 0, 0, 0, 0, 0, 1, 0, 0, 0, 0, 0, 0, 0, 0, 0, 0]
1734795553.595137,707529,2.0116846561431885,360000,[1.0, -0.0, -0.0, -0.0, 0.0, 0.3960784375667572],[0, 0, 0, 0, 0, 0, 0, 1, 0, 0, 0, 0, 0, 0, 0, 0, 0, 0]
1734795553.6961453,660000,2.457064390182495,360000,[1.0, -0.0, -0.0, -0.0, 0.0, 0.0],[0, 0, 0, 0, 0, 0, 0, 0, 0, 0, 0, 0, 0, 0, 0, 0, 0, 0]
1734795553.8723397,660000,1.991529941558838,360000,[1.0, -0.0, -0.0, -0.0, 0.0, 0.054901961237192154],[0, 0, 0, 0, 0, 0, 0, 1, 0, 0, 0, 0, 0, 0, 0, 0, 0, 0]
1734795553.8961544,677411,0.0,360000,[1.0, -0.0, -0.0, -0.0, 0.0, 0.14509804546833038],[0, 0, 0, 0, 0, 0, 0, 1, 0, 0, 0, 0, 0, 0, 0, 0, 0, 0]
1734795553.9950576,701882,1.487744688987732,360000,[1.0, -0.0, -0.0, -0.0, 0.0, 0.3490196168422699],[0, 0, 0, 0, 0, 0, 0, 1, 0, 0, 0, 0, 0, 0, 0, 0, 0, 0]
1734795554.094933,706588,0.0,360000,[1.0, -0.0, -0.0, -0.0, 0.0, 0.38823530077934265],[0, 0, 0, 0, 0, 0, 0, 1, 0, 0, 0, 0, 0, 0, 0, 0, 0, 0]
1734795554.1962178,719294,0.0,360000,[1.0, -0.0, -0.0, -0.0, 0.0, 0.4941176474094391],[0, 0, 0, 0, 0, 0, 0, 1, 0, 0, 0, 0, 0, 0, 0, 0, 0, 0]
1734795554.2969363,720235,0.0,360000,[1.0, -0.0, -0.0, -0.0, 0.0, 0.501960813999176],[0, 0, 0, 0, 0, 0, 0, 1, 0, 0, 0, 0, 0, 0, 0, 0, 0, 0]
1734795554.3952951,723529,0.5016362071037292,360000,[1.0, -0.0, -0.0, -0.0, 0.0, 0.529411792755127],[0, 0, 0, 0, 0, 0, 0, 1, 0, 0, 0, 0, 0, 0, 0, 0, 0, 0]
1734795554.4950776,732000,1.1780543327331543,360000,[1.0, -0.0, -0.0, -0.0, 0.0, 0.6000000238418579],[0, 0, 0, 0, 0, 0, 0, 1, 0, 0, 0, 0, 0, 0, 0, 0, 0, 0]
1734795554.5953002,680705,2.1964704990386963,360000,[1.0, -0.0, -0.0, -0.0, 0.0, 0.1725490242242813],[0, 0, 0, 0, 0, 0, 0, 1, 0, 0, 0, 0, 0, 0, 0, 0, 0, 0]
1734795554.6965873,660000,2.7294762134552,360000,[1.0, -0.0, -0.0, -0.0, 0.0, 0.0],[0, 0, 0, 0, 0, 0, 0, 0, 0, 0, 0, 0, 0, 0, 0, 0, 0, 0]
1734795554.7950294,675058,2.2695751190185547,360000,[1.0, -0.0, -0.0, -0.0, 0.0, 0.125490203499794],[0, 0, 0, 0, 0, 0, 0, 1, 0, 0, 0, 0, 0, 0, 0, 0, 0, 0]
1734795554.8952694,660000,2.3117918968200684,360000,[1.0, -0.0, -0.0, -0.0, 0.0, 0.0],[0, 0, 0, 0, 0, 0, 0, 0, 0, 0, 0, 0, 0, 0, 0, 0, 0, 0]
1734795555.3357148,660000,0.0,360000,[1.0, -0.0, -0.0, -0.0, 0.0, 0.10588235408067703],[0, 0, 0, 0, 0, 0, 0, 1, 0, 0, 0, 0, 0, 0, 0, 0, 0, 0]
1734795555.3944647,700470,0.0,360000,[1.0, -0.0, -0.0, -0.0, 0.0, 0.33725491166114807],[0, 0, 0, 0, 0, 0, 0, 1, 0, 0, 0, 0, 0, 0, 0, 0, 0, 0]
1734795555.49412,702823,0.0,360000,[1.0, -0.0, -0.0, -0.0, 0.0, 0.35686275362968445],[0, 0, 0, 0, 0, 0, 0, 1, 0, 0, 0, 0, 0, 0, 0, 0, 0, 0]
1734795555.5951087,710352,0.0,360000,[1.0, -0.0, -0.0, -0.0, 0.0, 0.41960784792900085],[0, 0, 0, 0, 0, 0, 0, 1, 0, 0, 0, 0, 0, 0, 0, 0, 0, 0]
1734795555.695228,705647,0.0,360000,[1.0, -0.0, -0.0, -0.0, 0.0, 0.3803921639919281],[0, 0, 0, 0, 0, 0, 0, 1, 0, 0, 0, 0, 0, 0, 0, 0, 0, 0]
1734795555.7951188,677411,0.0,360000,[1.0, -0.0, -0.0, -0.0, 0.0, 0.14509804546833038],[0, 0, 0, 0, 0, 0, 0, 1, 0, 0, 0, 0, 0, 0, 0, 0, 0, 0]
1734795555.8941178,677411,0.0,360000,[1.0, -0.0, -0.0, -0.0, 0.0, 0.14509804546833038],[0, 0, 0, 0, 0, 0, 0, 1, 0, 0, 0, 0, 0, 0, 0, 0, 0, 0]
1734795555.996008,711764,0.0,360000,[1.0, -0.0, -0.0, -0.0, 0.0, 0.4313725531101227],[0, 0, 0, 0, 0, 0, 0, 1, 0, 0, 0, 0, 0, 0, 0, 0, 0, 0]
1734795556.0942569,730117,0.0,360000,[1.0, -0.0, -0.0, -0.0, 0.0, 0.5843137502670288],[0, 0, 0, 0, 0, 0, 0, 1, 0, 0, 0, 0, 0, 0, 0, 0, 0, 0]
1734795556.1947365,733411,0.0,360000,[1.0, -0.0, -0.0, -0.0, 0.0, 0.6117647290229797],[0, 0, 0, 0, 0, 0, 0, 1, 0, 0, 0, 0, 0, 0, 0, 0, 0, 0]
1734795556.295259,727294,0.0,360000,[1.0, -0.0, -0.0, -0.0, 0.0, 0.5607843399047852],[0, 0, 0, 0, 0, 0, 0, 1, 0, 0, 0, 0, 0, 0, 0, 0, 0, 0]
1734795556.3942802,704705,1.7025257349014282,360000,[1.0, -0.0, -0.0, -0.0, 0.0, 0.37254902720451355],[0, 0, 0, 0, 0, 0, 0, 1, 0, 0, 0, 0, 0, 0, 0, 0, 0, 0]
1734795556.4953313,660000,2.849764585494995,360000,[1.0, -0.0, -0.0, -0.0, 0.0, 0.0],[0, 0, 0, 0, 0, 0, 0, 0, 0, 0, 0, 0, 0, 0, 0, 0, 0, 0]
1734795556.7268226,660000,1.7483255863189697,360000,[1.0, -0.10588235408067703, -0.0, -0.0, 0.0, 0.0],[0, 0, 0, 0, 0, 0, 0, 0, 0, 0, 0, 0, 0, 0, 0, 0, 0, 0]
1734795556.7950275,660941,1.333072543144226,360000,[1.0, -0.11372549086809158, -0.0, -0.0, 0.0, 0.007843137718737125],[0, 0, 0, 0, 0, 0, 0, 1, 0, 0, 0, 0, 0, 0, 0, 0, 0, 0]
1734795556.895264,715529,0.0,360000,[1.0, -0.11372549086809158, -0.0, -0.0, 0.0, 0.4627451002597809],[0, 0, 0, 0, 0, 0, 0, 1, 0, 0, 0, 0, 0, 0, 0, 0, 0, 0]
1734795556.9953597,720705,0.0,360000,[1.0, -0.11372549086809158, -0.0, -0.0, 0.0, 0.5058823823928833],[0, 0, 0, 0, 0, 0, 0, 1, 0, 0, 0, 0, 0, 0, 0, 0, 0, 0]
1734795557.0968268,714117,0.5418865084648132,360000,[1.0, -0.11372549086809158, -0.0, -0.0, 0.0, 0.43921568989753723],[0, 0, 0, 0, 0, 0, 0, 1, 0, 0, 0, 0, 0, 0, 0, 0, 0, 0]
1734795557.1953316,708000,0.8742119669914246,360000,[1.0, -0.11372549086809158, -0.0, -0.0, 0.0, 0.4000000059604645],[0, 0, 0, 0, 0, 0, 0, 1, 0, 0, 0, 0, 0, 0, 0, 0, 0, 0]
1734795557.2950768,697647,1.3595575094223022,360000,[1.0, -0.11372549086809158, -0.0, -0.0, 0.0, 0.3137255012989044],[0, 0, 0, 0, 0, 0, 0, 1, 0, 0, 0, 0, 0, 0, 0, 0, 0, 0]
1734795557.3968844,690588,0.0,360000,[1.0, -0.14509804546833038, -0.0, -0.0, 0.0, 0.2549019753932953],[0, 0, 0, 0, 0, 0, 0, 1, 0, 0, 0, 0, 0, 0, 0, 0, 0, 0]
1734795557.495028,691058,1.275679111480713,514823,[0.26274511218070984, -0.0, -0.0, -0.0, 0.0, 0.25882354378700256],[0, 0, 0, 0, 0, 0, 0, 1, 0, 0, 0, 0, 0, 0, 0, 0, 0, 0]
1734795557.5946805,689176,1.0190601348876953,560000,[-0.0, -0.0, -0.0, -0.0, 0.0, 0.24313725531101227],[0, 0, 0, 0, 0, 0, 0, 1, 0, 0, 0, 0, 0, 0, 0, 0, 0, 0]
1734795557.694839,691058,0.0,560000,[-0.0, -0.0, -0.0, -0.0, 0.0, 0.25882354378700256],[0, 0, 0, 0, 0, 0, 0, 1, 0, 0, 0, 0, 0, 0, 0, 0, 0, 0]
1734795557.7971754,710352,0.6520252823829651,560000,[-0.0, -0.0, -0.0, -0.0, 0.0, 0.4156862795352936],[0, 0, 0, 0, 0, 0, 0, 1, 0, 0, 0, 0, 0, 0, 0, 0, 0, 0]
1734795557.8951004,713647,0.0,560000,[-0.0, -0.0, -0.0, -0.0, 0.0, 0.4470588266849518],[0, 0, 0, 0, 0, 0, 0, 1, 0, 0, 0, 0, 0, 0, 0, 0, 0, 0]
1734795557.9948883,710352,0.0,560000,[-0.0, -0.0, -0.0, -0.0, 0.0, 0.41960784792900085],[0, 0, 0, 0, 0, 0, 0, 1, 0, 0, 0, 0, 0, 0, 0, 0, 0, 0]
1734795558.0984895,704705,0.0,560000,[-0.0, -0.0, -0.0, -0.0, 0.0, 0.3764705955982208],[0, 0, 0, 0, 0, 0, 0, 1, 0, 0, 0, 0, 0, 0, 0, 0, 0, 0]
1734795558.1967115,707058,0.7965547442436218,560000,[-0.0, -0.0, -0.0, -0.0, 0.0, 0.3803921639919281],[0, 0, 0, 0, 0, 0, 0, 1, 0, 0, 0, 0, 0, 0, 0, 0, 0, 0]
1734795558.2955027,692000,0.0,560000,[-0.0, -0.0, -0.0, -0.0, 0.0, 0.2666666805744171],[0, 0, 0, 0, 0, 0, 0, 1, 0, 0, 0, 0, 0, 0, 0, 0, 0, 0]
1734795558.3949256,660000,0.0,560000,[-0.0, -0.0, -0.0, -0.0, 0.0, 0.0],[0, 0, 0, 0, 0, 0, 0, 0, 0, 0, 0, 0, 0, 0, 0, 0, 0, 0]
